gid,role,role_score,cluster_id,priority_score,evidence
100000000343175100,distributor,1.0,49,0.293,out_deg=31 >= 10; out_kzt=4000039 KZT
100000000456947100,peripheral,0.5,67,0.0,"Входов=0, выходов=0, PageRank=0.000000"
100000000580561100,peripheral,0.5,20,0.087,"Входов=2, выходов=3, PageRank=0.000838"
100000001415126100,terminal,0.8,39,0.054,"Получил 27000 KZT, исходящих связей=0, depth=0"
100000001429930100,terminal,0.8,38,0.051,"Получил 26000 KZT, исходящих связей=0, depth=0"
100000001616816100,coordinator,0.95,51,0.351,"PageRank=0.002446 >= q95=0.000979; in=5, out=3"
100000001732159100,coordinator,0.95,7,0.273,"PageRank=0.001099 >= q95=0.000979; in=2, out=4"
100000002527114100,distributor,1.0,1,0.378,out_deg=111 >= 10; out_kzt=3289249 KZT
100000002916006100,peripheral,0.5,15,0.018,"Входов=0, выходов=1, PageRank=0.000287"
100000003016635100,coordinator,0.95,16,0.511,"PageRank=0.001195 >= q95=0.000979; in=8, out=73"
100000003200071100,peripheral,0.5,2,0.018,"Входов=0, выходов=1, PageRank=0.000287"
100000003265658100,peripheral,0.5,68,0.0,"Входов=0, выходов=0, PageRank=0.000000"
100000003349739100,peripheral,0.5,69,0.0,"Входов=0, выходов=0, PageRank=0.000000"
100000003684369100,coordinator,0.95,27,0.727,"PageRank=0.002029 >= q95=0.000979; in=24, out=62"
100000003770083100,peripheral,0.5,70,0.0,"Входов=0, выходов=0, PageRank=0.000000"
100000003975102100,peripheral,0.5,16,0.035,"Входов=1, выходов=2, PageRank=0.000347"
100000003977183100,peripheral,0.5,24,0.054,"Входов=2, выходов=4, PageRank=0.000333"
100000004007116100,consolidator,0.8,35,0.182,in_deg=3 >= 3; in_kzt=764704 KZT
100000004019124100,consolidator,0.8,16,0.202,in_deg=3 >= 3; in_kzt=193000 KZT
100000004021459100,peripheral,0.5,71,0.0,"Входов=0, выходов=0, PageRank=0.000000"
100000004041163100,coordinator,0.95,15,0.292,"PageRank=0.002093 >= q95=0.000979; in=1, out=2"
100000004174835100,peripheral,0.5,72,0.0,"Входов=0, выходов=0, PageRank=0.000000"
100000004193835100,peripheral,0.5,16,0.04,"Входов=1, выходов=1, PageRank=0.000472"
100000004269433100,peripheral,0.5,6,0.03,"Входов=0, выходов=1, PageRank=0.000287"
100000004358004100,distributor,0.81,27,0.124,out_deg=11 >= 10; out_kzt=980850 KZT
100000004388983100,peripheral,0.5,17,0.024,"Входов=0, выходов=2, PageRank=0.000287"
100000004714705100,peripheral,0.5,15,0.019,"Входов=0, выходов=1, PageRank=0.000287"
100000004723755100,peripheral,0.5,27,0.019,"Входов=0, выходов=1, PageRank=0.000287"
100000004813068100,peripheral,0.5,28,0.024,"Входов=0, выходов=3, PageRank=0.000287"
100000004971871100,peripheral,0.5,14,0.055,"Входов=1, выходов=1, PageRank=0.000746"
100000005017150100,peripheral,0.5,73,0.0,"Входов=0, выходов=0, PageRank=0.000000"
100000005087431100,peripheral,0.5,74,0.0,"Входов=0, выходов=0, PageRank=0.000000"
100000005235389100,peripheral,0.5,75,0.0,"Входов=0, выходов=0, PageRank=0.000000"
100000005264990100,peripheral,0.5,15,0.036,"Входов=1, выходов=2, PageRank=0.000366"
100000005370580100,terminal,0.8,38,0.051,"Получил 24075 KZT, исходящих связей=0, depth=0"
100000005382566100,coordinator,0.95,15,0.35,"PageRank=0.002122 >= q95=0.000979; in=7, out=1"
100000005386383100,peripheral,0.5,15,0.053,"Входов=2, выходов=1, PageRank=0.000527"
100000005392290100,peripheral,0.5,18,0.019,"Входов=0, выходов=1, PageRank=0.000287"
100000005395727100,terminal,0.8,10,0.052,"Получил 17000 KZT, исходящих связей=0, depth=0"
100000005409680100,terminal,0.8,11,0.078,"Получил 55060 KZT, исходящих связей=0, depth=0"
100000005417257100,peripheral,0.5,15,0.021,"Входов=0, выходов=2, PageRank=0.000287"
100000005454368100,terminal,0.8,38,0.064,"Получил 48600 KZT, исходящих связей=0, depth=0"
100000005480435100,peripheral,0.5,76,0.0,"Входов=0, выходов=0, PageRank=0.000000"
100000005485830100,peripheral,0.5,4,0.027,"Входов=0, выходов=5, PageRank=0.000287"
100000005493505100,consolidator,0.8,27,0.167,in_deg=3 >= 3; in_kzt=62020 KZT
100000005495722100,peripheral,0.5,77,0.0,"Входов=0, выходов=0, PageRank=0.000000"
100000005498992100,distributor,0.86,24,0.143,out_deg=16 >= 10; out_kzt=2262868 KZT
100000005519347100,peripheral,0.5,16,0.056,"Входов=2, выходов=1, PageRank=0.000559"
100000005523088100,terminal,0.8,15,0.136,"Получил 700000 KZT, исходящих связей=0, depth=0"
100000005543136100,peripheral,0.5,27,0.018,"Входов=0, выходов=1, PageRank=0.000287"
100000005550592100,peripheral,0.5,78,0.0,"Входов=0, выходов=0, PageRank=0.000000"
100000005560900100,peripheral,0.5,79,0.0,"Входов=0, выходов=0, PageRank=0.000000"
100000005568407100,peripheral,0.5,80,0.0,"Входов=0, выходов=0, PageRank=0.000000"
100000005668605100,consolidator,0.8,15,0.18,in_deg=3 >= 3; in_kzt=94500 KZT
100000005744674100,peripheral,0.5,15,0.019,"Входов=0, выходов=1, PageRank=0.000287"
100000006232815100,peripheral,0.5,50,0.055,"Входов=1, выходов=5, PageRank=0.000559"
100000006249740100,peripheral,0.5,19,0.022,"Входов=0, выходов=3, PageRank=0.000287"
100000006831291100,peripheral,0.5,19,0.018,"Входов=0, выходов=1, PageRank=0.000287"
100000006866783100,distributor,1.0,29,0.421,out_deg=67 >= 10; out_kzt=3948037 KZT
100000007018630100,peripheral,0.5,23,0.02,"Входов=0, выходов=1, PageRank=0.000287"
100000007747786100,distributor,1.0,24,0.185,out_deg=31 >= 10; out_kzt=4238009 KZT
100000007982728100,peripheral,0.5,51,0.045,"Входов=0, выходов=8, PageRank=0.000287"
100000008117324100,peripheral,0.5,81,0.0,"Входов=0, выходов=0, PageRank=0.000000"
100000008205000100,peripheral,0.5,82,0.0,"Входов=0, выходов=0, PageRank=0.000000"
100000008314203100,peripheral,0.5,7,0.059,"Входов=2, выходов=2, PageRank=0.000505"
100000008418835100,peripheral,0.5,6,0.061,"Входов=1, выходов=4, PageRank=0.000531"
100000008513251100,peripheral,0.5,83,0.0,"Входов=0, выходов=0, PageRank=0.000000"
100000008516839100,consolidator,0.8,15,0.194,in_deg=3 >= 3; in_kzt=155000 KZT
100000008522127100,peripheral,0.5,25,0.019,"Входов=0, выходов=1, PageRank=0.000287"
100000008571433100,coordinator,0.95,22,0.283,"PageRank=0.001637 >= q95=0.000979; in=2, out=2"
100000008575624100,peripheral,0.5,40,0.022,"Входов=0, выходов=3, PageRank=0.000287"
100000008601794100,coordinator,0.95,9,0.321,"PageRank=0.002387 >= q95=0.000979; in=2, out=1"
100000008637537100,consolidator,0.8,7,0.209,in_deg=3 >= 3; in_kzt=619890 KZT
100000008650785100,peripheral,0.5,16,0.061,"Входов=2, выходов=2, PageRank=0.000615"
100000008654653100,peripheral,0.5,16,0.019,"Входов=0, выходов=1, PageRank=0.000287"
100000008659445100,coordinator,0.95,12,0.338,"PageRank=0.002458 >= q95=0.000979; in=3, out=4"
100000008669037100,peripheral,0.5,84,0.0,"Входов=0, выходов=0, PageRank=0.000000"
100000008673001100,terminal,0.8,15,0.058,"Получил 80000 KZT, исходящих связей=0, depth=0"
100000008680731100,distributor,0.97,3,0.155,out_deg=27 >= 10; out_kzt=1464354 KZT
100000008701222100,peripheral,0.5,85,0.0,"Входов=0, выходов=0, PageRank=0.000000"
100000008738325100,peripheral,0.5,15,0.043,"Входов=1, выходов=1, PageRank=0.000531"
100000003134937100,terminal,0.8,16,0.047,"Получил 10286 KZT, исходящих связей=0, depth=1"
100000005074393100,coordinator,0.95,38,0.274,"PageRank=0.001065 >= q95=0.000979; in=4, out=6"
100000001924185100,terminal,0.8,49,0.06,"Получил 151000 KZT, исходящих связей=0, depth=1"
100000004070318100,distributor,0.89,29,0.179,out_deg=19 >= 10; out_kzt=551860 KZT
100000005807278100,terminal,0.8,4,0.047,"Получил 8385 KZT, исходящих связей=0, depth=1"
100000003377795100,terminal,0.8,24,0.047,"Получил 7000 KZT, исходящих связей=0, depth=1"
100000004330371100,coordinator,0.95,16,0.25,"PageRank=0.001261 >= q95=0.000979; in=2, out=2"
100000008165763100,distributor,0.87,29,0.338,out_deg=17 >= 10; out_kzt=1267858 KZT
100000001684867100,terminal,0.8,16,0.047,"Получил 30550 KZT, исходящих связей=0, depth=1"
100000003900547100,terminal,0.8,16,0.047,"Получил 23700 KZT, исходящих связей=0, depth=1"
100000006656003100,peripheral,0.5,1,0.029,"Входов=1, выходов=1, PageRank=0.000291"
100000008237827100,terminal,0.8,27,0.048,"Получил 40001 KZT, исходящих связей=0, depth=1"
100000003014659100,terminal,0.8,49,0.052,"Получил 280000 KZT, исходящих связей=0, depth=1"
100000007939160100,peripheral,0.5,20,0.059,"Входов=1, выходов=2, PageRank=0.000668"
100000007274584100,terminal,0.8,27,0.048,"Получил 38000 KZT, исходящих связей=0, depth=1"
100000001524952100,terminal,0.8,29,0.049,"Получил 103807 KZT, исходящих связей=0, depth=1"
100000003131693100,terminal,0.8,27,0.054,"Получил 353277 KZT, исходящих связей=0, depth=1"
100000008383405100,terminal,0.8,28,0.048,"Получил 25000 KZT, исходящих связей=0, depth=1"
100000008736173100,terminal,0.8,1,0.048,"Получил 31060 KZT, исходящих связей=0, depth=1"
100000002861485100,terminal,0.8,16,0.047,"Получил 29323 KZT, исходящих связей=0, depth=1"
100000008745474100,terminal,0.8,1,0.048,"Получил 40559 KZT, исходящих связей=0, depth=1"
100000008691330100,terminal,0.8,1,0.047,"Получил 21440 KZT, исходящих связей=0, depth=1"
100000007639767100,distributor,0.8,29,0.164,out_deg=10 >= 10; out_kzt=822244 KZT
100000002921047100,peripheral,0.5,24,0.045,"Входов=2, выходов=1, PageRank=0.000318"
100000004783447100,terminal,0.8,1,0.047,"Получил 26200 KZT, исходящих связей=0, depth=1"
100000008696919100,terminal,0.8,1,0.048,"Получил 31945 KZT, исходящих связей=0, depth=1"
100000008736940100,coordinator,0.95,12,0.333,"PageRank=0.002448 >= q95=0.000979; in=3, out=3"
100000005940652100,terminal,0.8,7,0.047,"Получил 8395 KZT, исходящих связей=0, depth=1"
100000004180097100,consolidator,0.8,29,0.187,in_deg=3 >= 3; in_kzt=104854 KZT
100000005539201100,peripheral,0.5,16,0.03,"Входов=1, выходов=1, PageRank=0.000292"
100000005620225100,terminal,0.8,29,0.058,"Получил 49846 KZT, исходящих связей=0, depth=1"
100000004388353100,terminal,0.8,49,0.061,"Получил 62960 KZT, исходящих связей=0, depth=1"
100000007442518100,consolidator,0.867,8,0.246,in_deg=5 >= 3; in_kzt=510000 KZT
100000000267734100,peripheral,0.5,24,0.068,"Входов=2, выходов=7, PageRank=0.000540"
100000001987030100,peripheral,0.5,10,0.04,"Входов=2, выходов=1, PageRank=0.000295"
100000002603478100,terminal,0.8,3,0.047,"Получил 23500 KZT, исходящих связей=0, depth=1"
100000001380054100,peripheral,0.5,50,0.071,"Входов=2, выходов=3, PageRank=0.000719"
100000002992171100,terminal,0.8,1,0.047,"Получил 14627 KZT, исходящих связей=0, depth=1"
100000002781227100,coordinator,0.95,25,0.314,"PageRank=0.002337 >= q95=0.000979; in=2, out=3"
100000008745643100,terminal,0.8,1,0.047,"Получил 20313 KZT, исходящих связей=0, depth=1"
100000002836736100,terminal,0.8,51,0.071,"Получил 509000 KZT, исходящих связей=0, depth=1"
100000004188160100,peripheral,0.5,10,0.048,"Входов=2, выходов=5, PageRank=0.000298"
100000004841728100,terminal,0.8,1,0.048,"Получил 52208 KZT, исходящих связей=0, depth=1"
100000001554432100,terminal,0.8,27,0.048,"Получил 53920 KZT, исходящих связей=0, depth=1"
100000008768896100,terminal,0.8,1,0.048,"Получил 47060 KZT, исходящих связей=0, depth=1"
100000008232832100,peripheral,0.5,7,0.045,"Входов=1, выходов=1, PageRank=0.000496"
100000002864256100,terminal,0.8,27,0.05,"Получил 135780 KZT, исходящих связей=0, depth=1"
100000001929088100,terminal,0.8,24,0.062,"Получил 396010 KZT, исходящих связей=0, depth=1"
100000002794197100,terminal,0.8,24,0.047,"Получил 30100 KZT, исходящих связей=0, depth=1"
100000005669845100,terminal,0.8,50,0.049,"Получил 20000 KZT, исходящих связей=0, depth=1"
100000002211413100,terminal,0.8,1,0.048,"Получил 37000 KZT, исходящих связей=0, depth=1"
100000002784085100,terminal,0.8,24,0.05,"Получил 200000 KZT, исходящих связей=0, depth=1"
100000008782421100,terminal,0.8,1,0.048,"Получил 49680 KZT, исходящих связей=0, depth=1"
100000003739818100,terminal,0.8,27,0.048,"Получил 57293 KZT, исходящих связей=0, depth=1"
100000002214570100,terminal,0.8,1,0.047,"Получил 26471 KZT, исходящих связей=0, depth=1"
100000006443391100,coordinator,0.95,24,0.326,"PageRank=0.002435 >= q95=0.000979; in=3, out=2"
100000005473151100,consolidator,0.8,57,0.177,in_deg=3 >= 3; in_kzt=1220000 KZT
100000005124479100,peripheral,0.5,29,0.043,"Входов=2, выходов=2, PageRank=0.000305"
100000005527892100,consolidator,0.8,32,0.17,in_deg=3 >= 3; in_kzt=220001 KZT
100000008028628100,terminal,0.8,1,0.048,"Получил 57224 KZT, исходящих связей=0, depth=1"
100000001953577100,terminal,0.8,1,0.047,"Получил 15600 KZT, исходящих связей=0, depth=1"
100000008193577100,coordinator,0.95,12,0.257,"PageRank=0.001255 >= q95=0.000979; in=2, out=5"
100000008753193100,terminal,0.8,1,0.048,"Получил 35225 KZT, исходящих связей=0, depth=1"
100000008746025100,terminal,0.8,1,0.047,"Получил 22000 KZT, исходящих связей=0, depth=1"
100000002934441100,terminal,0.8,29,0.059,"Получил 60846 KZT, исходящих связей=0, depth=1"
100000003701161100,coordinator,0.95,41,0.308,"PageRank=0.001661 >= q95=0.000979; in=4, out=3"
100000006707582100,distributor,0.84,57,0.164,out_deg=14 >= 10; out_kzt=961138 KZT
100000003239379100,terminal,0.8,3,0.049,"Получил 92500 KZT, исходящих связей=0, depth=1"
100000000979923100,terminal,0.8,49,0.049,"Получил 97900 KZT, исходящих связей=0, depth=1"
100000001111763100,terminal,0.8,1,0.047,"Получил 17144 KZT, исходящих связей=0, depth=1"
100000003865939100,terminal,0.8,18,0.062,"Получил 81465 KZT, исходящих связей=0, depth=1"
100000002858835100,terminal,0.8,1,0.047,"Получил 24400 KZT, исходящих связей=0, depth=1"
100000003404627100,consolidator,0.833,7,0.229,in_deg=4 >= 3; in_kzt=877700 KZT
100000008691027100,terminal,0.8,1,0.047,"Получил 17534 KZT, исходящих связей=0, depth=1"
100000004071080100,coordinator,0.95,29,0.329,"PageRank=0.001376 >= q95=0.000979; in=9, out=2"
100000002864680100,terminal,0.8,3,0.048,"Получил 55932 KZT, исходящих связей=0, depth=1"
100000001330685100,consolidator,0.8,11,0.179,in_deg=3 >= 3; in_kzt=2435923 KZT
100000008745725100,terminal,0.8,1,0.048,"Получил 47060 KZT, исходящих связей=0, depth=1"
100000002621949100,terminal,0.8,27,0.05,"Получил 164612 KZT, исходящих связей=0, depth=1"
100000007908818100,consolidator,0.833,32,0.188,in_deg=4 >= 3; in_kzt=727475 KZT
100000008691495100,terminal,0.8,1,0.047,"Получил 27000 KZT, исходящих связей=0, depth=1"
100000003832231100,terminal,0.8,27,0.048,"Получил 35000 KZT, исходящих связей=0, depth=1"
100000002371751100,peripheral,0.5,23,0.046,"Входов=1, выходов=1, PageRank=0.000531"
100000002894076100,consolidator,0.833,24,0.173,in_deg=4 >= 3; in_kzt=1122782 KZT
100000001362940100,terminal,0.8,27,0.049,"Получил 81000 KZT, исходящих связей=0, depth=1"
100000008741372100,terminal,0.8,1,0.048,"Получил 35975 KZT, исходящих связей=0, depth=1"
100000002618492100,terminal,0.8,49,0.065,"Получил 296500 KZT, исходящих связей=0, depth=1"
100000002750332100,terminal,0.8,24,0.047,"Получил 11360 KZT, исходящих связей=0, depth=1"
100000004948177100,consolidator,0.8,16,0.159,in_deg=3 >= 3; in_kzt=437163 KZT
100000002511825100,terminal,0.8,29,0.048,"Получил 65000 KZT, исходящих связей=0, depth=1"
100000008566737100,terminal,0.8,29,0.063,"Получил 230000 KZT, исходящих связей=0, depth=1"
100000008661585100,terminal,0.8,1,0.048,"Получил 43141 KZT, исходящих связей=0, depth=1"
100000004759121100,coordinator,0.95,29,0.306,"PageRank=0.001425 >= q95=0.000979; in=6, out=2"
100000004360785100,terminal,0.8,16,0.048,"Получил 94705 KZT, исходящих связей=0, depth=1"
100000005092518100,terminal,0.8,1,0.047,"Получил 26144 KZT, исходящих связей=0, depth=1"
100000008737958100,terminal,0.8,1,0.059,"Получил 53373 KZT, исходящих связей=0, depth=1"
100000003044518100,terminal,0.8,24,0.047,"Получил 34423 KZT, исходящих связей=0, depth=1"
100000004159526100,consolidator,0.833,39,0.201,in_deg=4 >= 3; in_kzt=275037 KZT
100000007544358100,transit,0.915,16,0.098,"Получил 322500 KZT, отправил 350000 KZT, pass=1.09"
100000005901606100,terminal,0.8,1,0.048,"Получил 35660 KZT, исходящих связей=0, depth=1"
100000006658598100,terminal,0.8,16,0.047,"Получил 9000 KZT, исходящих связей=0, depth=1"
100000002793851100,terminal,0.8,16,0.047,"Получил 11052 KZT, исходящих связей=0, depth=1"
100000005612411100,consolidator,0.8,27,0.169,in_deg=3 >= 3; in_kzt=115500 KZT
100000007511163100,peripheral,0.5,16,0.047,"Входов=2, выходов=3, PageRank=0.000341"
100000002648315100,peripheral,0.5,24,0.033,"Входов=1, выходов=2, PageRank=0.000294"
100000004739664100,transit,0.833,1,0.079,"Получил 12000 KZT, отправил 10000 KZT, pass=0.83"
100000003713616100,terminal,0.8,16,0.047,"Получил 15893 KZT, исходящих связей=0, depth=1"
100000003476560100,terminal,0.8,27,0.048,"Получил 50000 KZT, исходящих связей=0, depth=1"
100000008782800100,terminal,0.8,1,0.048,"Получил 43381 KZT, исходящих связей=0, depth=1"
100000004218576100,terminal,0.8,1,0.047,"Получил 26144 KZT, исходящих связей=0, depth=1"
100000003299365100,transit,1.0,27,0.084,"Получил 200000 KZT, отправил 200000 KZT, pass=1.00"
100000008730021100,terminal,0.8,6,0.058,"Получил 75555 KZT, исходящих связей=0, depth=1"
100000002757797100,terminal,0.8,3,0.049,"Получил 100000 KZT, исходящих связей=0, depth=1"
100000002845605100,terminal,0.8,29,0.048,"Получил 57567 KZT, исходящих связей=0, depth=1"
100000000817146100,terminal,0.8,16,0.065,"Получил 70020 KZT, исходящих связей=0, depth=1"
100000002957306100,terminal,0.8,49,0.065,"Получил 398490 KZT, исходящих связей=0, depth=1"
100000008188026100,peripheral,0.5,10,0.049,"Входов=2, выходов=4, PageRank=0.000301"
100000004790991100,terminal,0.8,16,0.05,"Получил 239413 KZT, исходящих связей=0, depth=1"
100000002973903100,consolidator,0.8,3,0.15,in_deg=3 >= 3; in_kzt=92880 KZT
100000004325327100,transit,0.988,29,0.091,"Получил 70817 KZT, отправил 70000 KZT, pass=0.99"
100000001477796100,terminal,0.8,27,0.051,"Получил 182000 KZT, исходящих связей=0, depth=1"
100000007536804100,peripheral,0.5,24,0.032,"Входов=1, выходов=2, PageRank=0.000293"
100000008665380100,peripheral,0.5,29,0.04,"Входов=2, выходов=1, PageRank=0.000292"
100000001870116100,terminal,0.8,1,0.047,"Получил 24000 KZT, исходящих связей=0, depth=1"
100000001074553100,terminal,0.8,24,0.058,"Получил 28971 KZT, исходящих связей=0, depth=1"
100000000978041100,terminal,0.8,1,0.048,"Получил 44445 KZT, исходящих связей=0, depth=1"
100000002603769100,consolidator,0.8,29,0.172,in_deg=3 >= 3; in_kzt=1185368 KZT
100000005034574100,terminal,0.8,17,0.057,"Получил 258816 KZT, исходящих связей=0, depth=1"
100000002958286100,terminal,0.8,24,0.051,"Получил 257000 KZT, исходящих связей=0, depth=1"
100000005634552100,peripheral,0.5,29,0.042,"Входов=1, выходов=3, PageRank=0.000290"
100000008736760100,terminal,0.8,1,0.048,"Получил 54757 KZT, исходящих связей=0, depth=1"
100000008701944100,terminal,0.8,6,0.055,"Получил 52124 KZT, исходящих связей=0, depth=1"
100000008748408100,distributor,0.91,51,0.161,out_deg=21 >= 10; out_kzt=1499960 KZT
100000008486520100,peripheral,0.5,16,0.029,"Входов=1, выходов=1, PageRank=0.000291"
100000003163256100,transit,0.888,16,0.079,"Получил 13485 KZT, отправил 15000 KZT, pass=1.11"
100000003102157100,terminal,0.8,29,0.049,"Получил 96746 KZT, исходящих связей=0, depth=1"
100000004741837100,terminal,0.8,16,0.047,"Получил 25596 KZT, исходящих связей=0, depth=1"
100000008443341100,peripheral,0.5,29,0.065,"Входов=2, выходов=3, PageRank=0.000672"
100000004792397100,terminal,0.8,1,0.048,"Получил 73520 KZT, исходящих связей=0, depth=1"
100000003809101100,peripheral,0.5,49,0.047,"Входов=2, выходов=2, PageRank=0.000364"
100000002838861100,coordinator,0.95,24,0.332,"PageRank=0.002145 >= q95=0.000979; in=5, out=1"
100000008560717100,consolidator,0.933,11,0.198,in_deg=7 >= 3; in_kzt=529000 KZT
100000008693069100,terminal,0.8,1,0.047,"Получил 20000 KZT, исходящих связей=0, depth=1"
100000008672162100,terminal,0.8,1,0.047,"Получил 15550 KZT, исходящих связей=0, depth=1"
100000007311010100,peripheral,0.5,27,0.041,"Входов=2, выходов=1, PageRank=0.000311"
100000005505655100,peripheral,0.5,45,0.042,"Входов=2, выходов=1, PageRank=0.000323"
100000004707703100,transit,0.968,16,0.12,"Получил 239300 KZT, отправил 231650 KZT, pass=0.97"
100000004005964100,consolidator,0.8,35,0.161,in_deg=3 >= 3; in_kzt=97900 KZT
100000008244300100,consolidator,0.867,11,0.18,in_deg=5 >= 3; in_kzt=65430 KZT
100000002692044100,terminal,0.8,3,0.049,"Получил 97000 KZT, исходящих связей=0, depth=1"
100000001103905100,terminal,0.8,1,0.047,"Получил 18000 KZT, исходящих связей=0, depth=1"
100000008755361100,terminal,0.8,1,0.047,"Получил 14627 KZT, исходящих связей=0, depth=1"
100000002810870100,terminal,0.8,1,0.048,"Получил 33677 KZT, исходящих связей=0, depth=1"
100000005897462100,terminal,0.8,49,0.049,"Получил 98400 KZT, исходящих связей=0, depth=1"
100000000941942100,terminal,0.8,27,0.05,"Получил 130000 KZT, исходящих связей=0, depth=1"
100000008723830100,transit,0.99,16,0.1,"Получил 459785 KZT, отправил 455000 KZT, pass=0.99"
100000008776576100,terminal,0.8,1,0.047,"Получил 14765 KZT, исходящих связей=0, depth=1"
100000005432267100,terminal,0.8,27,0.064,"Получил 350001 KZT, исходящих связей=0, depth=1"
100000006745291100,terminal,0.8,49,0.048,"Получил 82534 KZT, исходящих связей=0, depth=1"
100000008670667100,terminal,0.8,1,0.047,"Получил 15534 KZT, исходящих связей=0, depth=1"
100000002480800100,terminal,0.8,27,0.083,"Получил 569251 KZT, исходящих связей=0, depth=1"
100000002182176100,terminal,0.8,29,0.048,"Получил 42465 KZT, исходящих связей=0, depth=1"
100000008219168100,terminal,0.8,24,0.048,"Получил 53200 KZT, исходящих связей=0, depth=1"
100000004226848100,terminal,0.8,27,0.053,"Получил 301866 KZT, исходящих связей=0, depth=1"
100000006326645100,terminal,0.8,1,0.047,"Получил 25264 KZT, исходящих связей=0, depth=1"
100000003589877100,peripheral,0.5,48,0.054,"Входов=2, выходов=6, PageRank=0.000308"
100000003942602100,transit,1.0,1,0.08,"Получил 30000 KZT, отправил 30000 KZT, pass=1.00"
100000000922570100,transit,0.938,3,0.08,"Получил 47101 KZT, отправил 50000 KZT, pass=1.06"
100000005079754100,peripheral,0.5,27,0.033,"Входов=1, выходов=2, PageRank=0.000301"
100000003187359100,terminal,0.8,1,0.047,"Получил 19072 KZT, исходящих связей=0, depth=1"
100000000998559100,terminal,0.8,27,0.049,"Получил 100000 KZT, исходящих связей=0, depth=1"
100000008690932100,terminal,0.8,1,0.047,"Получил 23000 KZT, исходящих связей=0, depth=1"
100000008773876100,terminal,0.8,1,0.047,"Получил 26120 KZT, исходящих связей=0, depth=1"
100000006789108100,terminal,0.8,49,0.048,"Получил 37500 KZT, исходящих связей=0, depth=1"
100000004058740100,terminal,0.8,1,0.048,"Получил 30000 KZT, исходящих связей=0, depth=1"
100000007641801100,terminal,0.8,24,0.049,"Получил 200000 KZT, исходящих связей=0, depth=1"
100000000555721100,terminal,0.8,29,0.06,"Получил 113000 KZT, исходящих связей=0, depth=1"
100000008729801100,terminal,0.8,1,0.047,"Получил 17534 KZT, исходящих связей=0, depth=1"
100000004664905100,terminal,0.8,16,0.067,"Получил 329020 KZT, исходящих связей=0, depth=1"
100000003057225100,terminal,0.8,16,0.05,"Получил 236000 KZT, исходящих связей=0, depth=1"
100000000703902100,terminal,0.8,1,0.047,"Получил 25499 KZT, исходящих связей=0, depth=1"
100000008720798100,terminal,0.8,1,0.047,"Получил 15534 KZT, исходящих связей=0, depth=1"
100000001411870100,terminal,0.8,51,0.076,"Получил 900000 KZT, исходящих связей=0, depth=1"
100000008556318100,terminal,0.8,27,0.075,"Получил 180132 KZT, исходящих связей=0, depth=1"
100000002720627100,terminal,0.8,49,0.05,"Получил 199300 KZT, исходящих связей=0, depth=1"
100000003022835100,terminal,0.8,27,0.049,"Получил 125000 KZT, исходящих связей=0, depth=1"
100000008304115100,terminal,0.8,3,0.048,"Получил 51000 KZT, исходящих связей=0, depth=1"
100000003886323100,coordinator,0.95,16,0.279,"PageRank=0.001830 >= q95=0.000979; in=2, out=1"
100000000607731100,peripheral,0.5,50,0.031,"Входов=1, выходов=1, PageRank=0.000319"
100000005961971100,terminal,0.8,1,0.048,"Получил 47353 KZT, исходящих связей=0, depth=1"
100000000440392100,terminal,0.8,16,0.048,"Получил 105705 KZT, исходящих связей=0, depth=1"
100000004105288100,terminal,0.8,27,0.069,"Получил 215000 KZT, исходящих связей=0, depth=1"
100000008169544100,peripheral,0.5,16,0.036,"Входов=1, выходов=4, PageRank=0.000302"
100000004186824100,peripheral,0.5,16,0.048,"Входов=2, выходов=1, PageRank=0.000384"
100000008672200100,terminal,0.8,1,0.047,"Получил 8511 KZT, исходящих связей=0, depth=1"
100000002188829100,terminal,0.8,27,0.055,"Получил 400000 KZT, исходящих связей=0, depth=1"
100000008717341100,terminal,0.8,1,0.047,"Получил 14627 KZT, исходящих связей=0, depth=1"
100000002214301100,peripheral,0.5,29,0.029,"Входов=1, выходов=1, PageRank=0.000291"
100000002565277100,terminal,0.8,27,0.057,"Получил 483319 KZT, исходящих связей=0, depth=1"
100000005546031100,consolidator,0.8,40,0.175,in_deg=3 >= 3; in_kzt=66800 KZT
100000003449074100,terminal,0.8,29,0.047,"Получил 10000 KZT, исходящих связей=0, depth=1"
100000008748914100,distributor,0.83,27,0.208,out_deg=13 >= 10; out_kzt=4471847 KZT
100000004744306100,peripheral,0.5,15,0.042,"Входов=1, выходов=2, PageRank=0.000463"
100000003158727100,consolidator,0.8,24,0.152,in_deg=3 >= 3; in_kzt=367940 KZT
100000001389255100,terminal,0.8,1,0.047,"Получил 16136 KZT, исходящих связей=0, depth=1"
100000008695495100,terminal,0.8,1,0.047,"Получил 21000 KZT, исходящих связей=0, depth=1"
100000004015047100,coordinator,0.95,51,0.385,"PageRank=0.002286 >= q95=0.000979; in=9, out=1"
100000005183943100,terminal,0.8,20,0.071,"Получил 680900 KZT, исходящих связей=0, depth=1"
100000003004487100,consolidator,0.833,59,0.169,in_deg=4 >= 3; in_kzt=183703 KZT
100000003042994100,terminal,0.8,16,0.051,"Получил 286086 KZT, исходящих связей=0, depth=1"
100000001899164100,coordinator,0.95,32,0.268,"PageRank=0.001181 >= q95=0.000979; in=4, out=3"
100000003946524100,transit,0.918,27,0.095,"Получил 133757 KZT, отправил 144750 KZT, pass=1.08"
100000008717340100,terminal,0.8,1,0.048,"Получил 41500 KZT, исходящих связей=0, depth=1"
100000003831324100,terminal,0.8,24,0.062,"Получил 300000 KZT, исходящих связей=0, depth=1"
100000008129393100,terminal,0.8,19,0.049,"Получил 10000 KZT, исходящих связей=0, depth=1"
100000004388209100,terminal,0.8,1,0.047,"Получил 11800 KZT, исходящих связей=0, depth=1"
100000000706545100,coordinator,0.95,16,0.381,"PageRank=0.003278 >= q95=0.000979; in=3, out=1"
100000004497606100,terminal,0.8,1,0.047,"Получил 15534 KZT, исходящих связей=0, depth=1"
100000008470470100,terminal,0.8,1,0.048,"Получил 33547 KZT, исходящих связей=0, depth=1"
100000004318918100,terminal,0.8,49,0.048,"Получил 75600 KZT, исходящих связей=0, depth=1"
100000005228059100,terminal,0.8,1,0.047,"Получил 26000 KZT, исходящих связей=0, depth=1"
100000001609499100,consolidator,0.8,29,0.156,in_deg=3 >= 3; in_kzt=263113 KZT
100000002824176100,terminal,0.8,24,0.051,"Получил 144000 KZT, исходящих связей=0, depth=1"
100000001363952100,peripheral,0.5,32,0.043,"Входов=2, выходов=1, PageRank=0.000308"
100000001049200100,peripheral,0.5,37,0.046,"Входов=2, выходов=4, PageRank=0.000300"
100000002662768100,terminal,0.8,27,0.049,"Получил 84300 KZT, исходящих связей=0, depth=1"
100000004737477100,transit,0.817,29,0.09,"Получил 49598 KZT, отправил 40500 KZT, pass=0.82"
100000008680451100,terminal,0.8,1,0.047,"Получил 23534 KZT, исходящих связей=0, depth=1"
100000001952325100,terminal,0.8,1,0.049,"Получил 77888 KZT, исходящих связей=0, depth=1"
100000008751429100,coordinator,0.95,12,0.274,"PageRank=0.001525 >= q95=0.000979; in=3, out=1"
100000001960517100,terminal,0.8,24,0.053,"Получил 200000 KZT, исходящих связей=0, depth=1"
100000008686234100,terminal,0.8,29,0.048,"Получил 39778 KZT, исходящих связей=0, depth=1"
100000004213658100,terminal,0.8,1,0.047,"Получил 25347 KZT, исходящих связей=0, depth=1"
100000001194266100,terminal,0.8,27,0.048,"Получил 50000 KZT, исходящих связей=0, depth=1"
100000002243354100,terminal,0.8,1,0.047,"Получил 20879 KZT, исходящих связей=0, depth=1"
100000006069103100,coordinator,0.95,16,0.257,"PageRank=0.001156 >= q95=0.000979; in=3, out=3"
100000002760175100,terminal,0.8,49,0.05,"Получил 187410 KZT, исходящих связей=0, depth=1"
100000003567087100,terminal,0.8,1,0.048,"Получил 62115 KZT, исходящих связей=0, depth=1"
100000008229700100,peripheral,0.5,3,0.029,"Входов=1, выходов=1, PageRank=0.000291"
100000004076740100,consolidator,0.8,64,0.186,in_deg=3 >= 3; in_kzt=93250 KZT
100000003284932100,terminal,0.8,27,0.048,"Получил 69925 KZT, исходящих связей=0, depth=1"
100000008071620100,terminal,0.8,29,0.048,"Получил 46968 KZT, исходящих связей=0, depth=1"
100000003235780100,terminal,0.8,29,0.058,"Получил 65000 KZT, исходящих связей=0, depth=1"
100000005363908100,transit,1.0,40,0.082,"Получил 19500 KZT, отправил 19500 KZT, pass=1.00"
100000001851289100,terminal,0.8,16,0.049,"Получил 109510 KZT, исходящих связей=0, depth=1"
100000002870937100,terminal,0.8,24,0.048,"Получил 83700 KZT, исходящих связей=0, depth=1"
100000002152857100,peripheral,0.5,51,0.047,"Входов=1, выходов=5, PageRank=0.000301"
100000002600345100,terminal,0.8,16,0.058,"Получил 52400 KZT, исходящих связей=0, depth=1"
100000002580377100,peripheral,0.5,16,0.029,"Входов=1, выходов=1, PageRank=0.000291"
100000004094958100,transit,0.974,40,0.085,"Получил 39000 KZT, отправил 40000 KZT, pass=1.03"
100000002609774100,peripheral,0.5,57,0.029,"Входов=1, выходов=1, PageRank=0.000288"
100000002596035100,terminal,0.8,49,0.051,"Получил 231570 KZT, исходящих связей=0, depth=1"
100000004664515100,terminal,0.8,29,0.048,"Получил 37691 KZT, исходящих связей=0, depth=1"
100000000661912100,coordinator,0.95,32,0.314,"PageRank=0.001768 >= q95=0.000979; in=5, out=2"
100000004144536100,consolidator,0.833,35,0.199,in_deg=4 >= 3; in_kzt=168000 KZT
100000006177176100,terminal,0.8,16,0.047,"Получил 8911 KZT, исходящих связей=0, depth=1"
100000002158488100,terminal,0.8,1,0.048,"Получил 31723 KZT, исходящих связей=0, depth=1"
100000000041368100,terminal,0.8,27,0.05,"Получил 160000 KZT, исходящих связей=0, depth=1"
100000008722328100,terminal,0.8,1,0.047,"Получил 23677 KZT, исходящих связей=0, depth=1"
100000008735384100,terminal,0.8,1,0.048,"Получил 39220 KZT, исходящих связей=0, depth=1"
100000004480280100,peripheral,0.5,27,0.036,"Входов=1, выходов=2, PageRank=0.000316"
100000004286573100,terminal,0.8,3,0.047,"Получил 16590 KZT, исходящих связей=0, depth=1"
100000001746925100,peripheral,0.5,27,0.03,"Входов=1, выходов=1, PageRank=0.000300"
100000001660397100,transit,0.992,32,0.094,"Получил 48600 KZT, отправил 49000 KZT, pass=1.01"
100000002591469100,terminal,0.8,24,0.05,"Получил 235670 KZT, исходящих связей=0, depth=1"
100000002731501100,consolidator,0.8,35,0.183,in_deg=3 >= 3; in_kzt=570370 KZT
100000000089154100,distributor,0.85,29,0.137,out_deg=15 >= 10; out_kzt=425500 KZT
100000008732098100,terminal,0.8,1,0.047,"Получил 15677 KZT, исходящих связей=0, depth=1"
100000005456919100,coordinator,0.95,12,0.256,"PageRank=0.001388 >= q95=0.000979; in=2, out=1"
100000000507799100,peripheral,0.5,60,0.029,"Входов=1, выходов=1, PageRank=0.000287"
100000008716439100,terminal,0.8,1,0.047,"Получил 12267 KZT, исходящих связей=0, depth=1"
100000002981527100,terminal,0.8,24,0.049,"Получил 168000 KZT, исходящих связей=0, depth=1"
100000002844652100,terminal,0.8,24,0.048,"Получил 61360 KZT, исходящих связей=0, depth=1"
100000002605548100,terminal,0.8,49,0.06,"Получил 116695 KZT, исходящих связей=0, depth=1"
100000002750956100,terminal,0.8,29,0.048,"Получил 47416 KZT, исходящих связей=0, depth=1"
100000002982252100,terminal,0.8,1,0.047,"Получил 20320 KZT, исходящих связей=0, depth=1"
100000000961900100,terminal,0.8,29,0.058,"Получил 36000 KZT, исходящих связей=0, depth=1"
100000007175718100,terminal,0.8,4,0.048,"Получил 20000 KZT, исходящих связей=0, depth=1"
100000002306369100,peripheral,0.5,29,0.041,"Входов=1, выходов=6, PageRank=0.000301"
100000000667713100,peripheral,0.5,16,0.051,"Входов=2, выходов=6, PageRank=0.000322"
100000001072022100,consolidator,0.8,27,0.174,in_deg=3 >= 3; in_kzt=1684000 KZT
100000008116374100,terminal,0.8,16,0.047,"Получил 31284 KZT, исходящих связей=0, depth=1"
100000000703894100,peripheral,0.5,50,0.041,"Входов=1, выходов=1, PageRank=0.000479"
100000008066326100,terminal,0.8,29,0.047,"Получил 19320 KZT, исходящих связей=0, depth=1"
100000004662806100,peripheral,0.5,3,0.043,"Входов=2, выходов=2, PageRank=0.000307"
100000005778283100,consolidator,0.8,24,0.162,in_deg=3 >= 3; in_kzt=615760 KZT
100000004408683100,terminal,0.8,16,0.064,"Получил 112920 KZT, исходящих связей=0, depth=1"
100000002704875100,consolidator,0.8,32,0.151,in_deg=3 >= 3; in_kzt=244891 KZT
100000008349675100,peripheral,0.5,24,0.029,"Входов=1, выходов=1, PageRank=0.000290"
100000006889963100,consolidator,0.833,11,0.184,in_deg=4 >= 3; in_kzt=1431000 KZT
100000008771819100,terminal,0.8,1,0.048,"Получил 38900 KZT, исходящих связей=0, depth=1"
100000008586731100,terminal,0.8,3,0.047,"Получил 12000 KZT, исходящих связей=0, depth=1"
100000005844459100,terminal,0.8,29,0.062,"Получил 243400 KZT, исходящих связей=0, depth=1"
100000008172352100,consolidator,0.8,13,0.168,in_deg=3 >= 3; in_kzt=90265 KZT
100000001162560100,distributor,0.82,24,0.157,out_deg=12 >= 10; out_kzt=2904398 KZT
100000008779584100,terminal,0.8,1,0.048,"Получил 31400 KZT, исходящих связей=0, depth=1"
100000007631637100,terminal,0.8,1,0.047,"Получил 15341 KZT, исходящих связей=0, depth=1"
100000007347733100,terminal,0.8,19,0.051,"Получил 23007 KZT, исходящих связей=0, depth=1"
100000001463701100,terminal,0.8,49,0.079,"Получил 621000 KZT, исходящих связей=0, depth=1"
100000008664469100,terminal,0.8,27,0.047,"Получил 25000 KZT, исходящих связей=0, depth=1"
100000003923946100,peripheral,0.5,51,0.048,"Входов=1, выходов=4, PageRank=0.000391"
100000006562026100,terminal,0.8,19,0.081,"Получил 75000 KZT, исходящих связей=0, depth=1"
100000008776298100,terminal,0.8,1,0.048,"Получил 42800 KZT, исходящих связей=0, depth=1"
100000006446271100,terminal,0.8,27,0.06,"Получил 80000 KZT, исходящих связей=0, depth=1"
100000004588479100,terminal,0.8,16,0.049,"Получил 177633 KZT, исходящих связей=0, depth=1"
100000002324543100,terminal,0.8,24,0.047,"Получил 30202 KZT, исходящих связей=0, depth=1"
100000007129492100,peripheral,0.5,49,0.04,"Входов=2, выходов=1, PageRank=0.000296"
100000003877908100,terminal,0.8,27,0.048,"Получил 40000 KZT, исходящих связей=0, depth=1"
100000002748180100,peripheral,0.5,44,0.047,"Входов=1, выходов=8, PageRank=0.000288"
100000000945428100,terminal,0.8,29,0.049,"Получил 89629 KZT, исходящих связей=0, depth=1"
100000003115284100,coordinator,0.95,49,0.347,"PageRank=0.001535 >= q95=0.000979; in=8, out=2"
100000005394708100,peripheral,0.5,15,0.033,"Входов=1, выходов=1, PageRank=0.000347"
100000008747113100,terminal,0.8,11,0.06,"Получил 197801 KZT, исходящих связей=0, depth=1"
100000004491881100,terminal,0.8,1,0.047,"Получил 17144 KZT, исходящих связей=0, depth=1"
100000006008169100,terminal,0.8,3,0.048,"Получил 70000 KZT, исходящих связей=0, depth=1"
100000002681449100,peripheral,0.5,7,0.043,"Входов=2, выходов=2, PageRank=0.000296"
100000002645609100,consolidator,0.833,29,0.167,in_deg=4 >= 3; in_kzt=546821 KZT
100000006369769100,terminal,0.8,1,0.048,"Получил 40000 KZT, исходящих связей=0, depth=1"
100000002173161100,consolidator,0.8,16,0.168,in_deg=3 >= 3; in_kzt=1427500 KZT
100000008686313100,consolidator,0.9,29,0.22,in_deg=6 >= 3; in_kzt=1912716 KZT
100000004692798100,coordinator,0.95,3,0.286,"PageRank=0.001934 >= q95=0.000979; in=2, out=1"
100000002939838100,consolidator,0.8,16,0.159,in_deg=3 >= 3; in_kzt=571233 KZT
100000003119550100,terminal,0.8,1,0.047,"Получил 21000 KZT, исходящих связей=0, depth=1"
100000004315838100,peripheral,0.5,27,0.04,"Входов=2, выходов=1, PageRank=0.000293"
100000002671806100,terminal,0.8,3,0.047,"Получил 12440 KZT, исходящих связей=0, depth=1"
100000008716222100,terminal,0.8,1,0.047,"Получил 18000 KZT, исходящих связей=0, depth=1"
100000005496254100,terminal,0.8,29,0.047,"Получил 12700 KZT, исходящих связей=0, depth=1"
100000004622227100,peripheral,0.5,29,0.033,"Входов=1, выходов=3, PageRank=0.000292"
100000000274067100,peripheral,0.5,24,0.079,"Входов=2, выходов=3, PageRank=0.000415"
100000008782056100,terminal,0.8,1,0.048,"Получил 29082 KZT, исходящих связей=0, depth=1"
100000006788200100,consolidator,0.833,51,0.169,in_deg=4 >= 3; in_kzt=272156 KZT
100000001164648100,terminal,0.8,57,0.058,"Получил 13660 KZT, исходящих связей=0, depth=1"
100000005133757100,terminal,0.8,32,0.059,"Получил 65000 KZT, исходящих связей=0, depth=1"
100000006445501100,terminal,0.8,49,0.048,"Получил 91000 KZT, исходящих связей=0, depth=1"
100000004390333100,peripheral,0.5,29,0.058,"Входов=2, выходов=9, PageRank=0.000297"
100000001641789100,terminal,0.8,51,0.059,"Получил 17826 KZT, исходящих связей=0, depth=1"
100000000968253100,terminal,0.8,1,0.047,"Получил 15000 KZT, исходящих связей=0, depth=1"
100000001527186100,terminal,0.8,27,0.06,"Получил 678000 KZT, исходящих связей=0, depth=1"
100000005852946100,terminal,0.8,27,0.047,"Получил 23746 KZT, исходящих связей=0, depth=1"
100000001530983100,distributor,0.81,16,0.181,out_deg=11 >= 10; out_kzt=1829538 KZT
100000008221543100,terminal,0.8,36,0.067,"Получил 542000 KZT, исходящих связей=0, depth=1"
100000001937767100,peripheral,0.5,39,0.085,"Входов=1, выходов=4, PageRank=0.000895"
100000002462183100,terminal,0.8,4,0.053,"Получил 107500 KZT, исходящих связей=0, depth=1"
100000001805543100,terminal,0.8,16,0.048,"Получил 59000 KZT, исходящих связей=0, depth=1"
100000002606567100,peripheral,0.5,29,0.029,"Входов=1, выходов=1, PageRank=0.000290"
100000007281639100,terminal,0.8,16,0.061,"Получил 216770 KZT, исходящих связей=0, depth=1"
100000002991079100,peripheral,0.5,16,0.047,"Входов=2, выходов=1, PageRank=0.000397"
100000002847207100,terminal,0.8,27,0.048,"Получил 46243 KZT, исходящих связей=0, depth=1"
100000000011452100,consolidator,0.8,29,0.162,in_deg=3 >= 3; in_kzt=110000 KZT
100000003148220100,peripheral,0.5,14,0.067,"Входов=1, выходов=2, PageRank=0.000922"
100000002479804100,peripheral,0.5,27,0.032,"Входов=1, выходов=2, PageRank=0.000298"
100000008745489100,terminal,0.8,1,0.048,"Получил 55539 KZT, исходящих связей=0, depth=1"
100000002289937100,terminal,0.8,1,0.047,"Получил 20000 KZT, исходящих связей=0, depth=1"
100000004679953100,consolidator,0.8,32,0.159,in_deg=3 >= 3; in_kzt=343538 KZT
100000003066385100,terminal,0.8,29,0.058,"Получил 20000 KZT, исходящих связей=0, depth=1"
100000008744849100,terminal,0.8,1,0.048,"Получил 44445 KZT, исходящих связей=0, depth=1"
100000005093521100,terminal,0.8,27,0.047,"Получил 15200 KZT, исходящих связей=0, depth=1"
100000006518161100,consolidator,0.8,16,0.191,in_deg=3 >= 3; in_kzt=594200 KZT
100000001126374100,consolidator,0.833,29,0.165,in_deg=4 >= 3; in_kzt=182500 KZT
100000004509286100,terminal,0.8,27,0.048,"Получил 40000 KZT, исходящих связей=0, depth=1"
100000005056870100,terminal,0.8,4,0.048,"Получил 20000 KZT, исходящих связей=0, depth=1"
100000008708368100,terminal,0.8,1,0.047,"Получил 23677 KZT, исходящих связей=0, depth=1"
100000005895525100,terminal,0.8,4,0.054,"Получил 120000 KZT, исходящих связей=0, depth=1"
100000008716773100,terminal,0.8,1,0.047,"Получил 15677 KZT, исходящих связей=0, depth=1"
100000002778085100,terminal,0.8,16,0.048,"Получил 66208 KZT, исходящих связей=0, depth=1"
100000007055802100,coordinator,0.95,29,0.304,"PageRank=0.001187 >= q95=0.000979; in=6, out=1"
100000003071930100,consolidator,0.8,24,0.157,in_deg=3 >= 3; in_kzt=477610 KZT
100000002941114100,coordinator,0.95,49,0.28,"PageRank=0.001840 >= q95=0.000979; in=2, out=1"
100000003888271100,peripheral,0.5,20,0.031,"Входов=1, выходов=2, PageRank=0.000293"
100000007507343100,terminal,0.8,22,0.071,"Получил 370000 KZT, исходящих связей=0, depth=1"
100000008002020100,peripheral,0.5,3,0.03,"Входов=1, выходов=1, PageRank=0.000299"
100000001872484100,coordinator,0.95,9,0.31,"PageRank=0.002311 >= q95=0.000979; in=1, out=3"
100000008769636100,terminal,0.8,1,0.047,"Получил 23118 KZT, исходящих связей=0, depth=1"
100000004135268100,coordinator,0.95,22,0.295,"PageRank=0.001752 >= q95=0.000979; in=2, out=3"
100000005316708100,peripheral,0.5,51,0.034,"Входов=1, выходов=2, PageRank=0.000299"
100000008671929100,terminal,0.8,27,0.048,"Получил 75000 KZT, исходящих связей=0, depth=1"
100000005287097100,peripheral,0.5,16,0.061,"Входов=2, выходов=9, PageRank=0.000304"
100000007283257100,terminal,0.8,17,0.054,"Получил 192000 KZT, исходящих связей=0, depth=1"
100000004847758100,distributor,0.85,29,0.17,out_deg=15 >= 10; out_kzt=488800 KZT
100000008737422100,terminal,0.8,1,0.048,"Получил 76903 KZT, исходящих связей=0, depth=1"
100000008555918100,peripheral,0.5,27,0.033,"Входов=1, выходов=2, PageRank=0.000315"
100000008094734100,consolidator,0.833,29,0.164,in_deg=4 >= 3; in_kzt=236249 KZT
100000006952718100,terminal,0.8,16,0.048,"Получил 71489 KZT, исходящих связей=0, depth=1"
100000005339662100,coordinator,0.95,16,0.299,"PageRank=0.001667 >= q95=0.000979; in=4, out=4"
100000001716579100,terminal,0.8,1,0.047,"Получил 13916 KZT, исходящих связей=0, depth=1"
100000002774456100,terminal,0.8,49,0.048,"Получил 50363 KZT, исходящих связей=0, depth=1"
100000004394765100,consolidator,0.8,16,0.162,in_deg=3 >= 3; in_kzt=603844 KZT
100000004004621100,consolidator,0.8,38,0.149,in_deg=3 >= 3; in_kzt=75389 KZT
100000000907277100,terminal,0.8,1,0.047,"Получил 17534 KZT, исходящих связей=0, depth=1"
100000003835149100,peripheral,0.5,28,0.083,"Входов=1, выходов=2, PageRank=0.000491"
100000004254434100,terminal,0.8,1,0.048,"Получил 44445 KZT, исходящих связей=0, depth=1"
100000003635170100,coordinator,0.95,49,0.259,"PageRank=0.001153 >= q95=0.000979; in=3, out=4"
100000006687202100,terminal,0.8,29,0.048,"Получил 50000 KZT, исходящих связей=0, depth=1"
100000006030946100,terminal,0.8,1,0.048,"Получил 73289 KZT, исходящих связей=0, depth=1"
100000002615479100,terminal,0.8,24,0.05,"Получил 220000 KZT, исходящих связей=0, depth=1"
100000002952631100,terminal,0.8,16,0.048,"Получил 48050 KZT, исходящих связей=0, depth=1"
100000002890167100,terminal,0.8,16,0.049,"Получил 118150 KZT, исходящих связей=0, depth=1"
100000008687671100,terminal,0.8,1,0.048,"Получил 37500 KZT, исходящих связей=0, depth=1"
100000000810551100,peripheral,0.5,27,0.031,"Входов=1, выходов=1, PageRank=0.000307"
100000008724279100,terminal,0.8,16,0.047,"Получил 11750 KZT, исходящих связей=0, depth=1"
100000002592567100,peripheral,0.5,16,0.031,"Входов=1, выходов=2, PageRank=0.000287"
100000002670860100,terminal,0.8,44,0.062,"Получил 450000 KZT, исходящих связей=0, depth=1"
100000002844897100,terminal,0.8,24,0.047,"Получил 10800 KZT, исходящих связей=0, depth=1"
100000007938486100,terminal,0.8,1,0.048,"Получил 39500 KZT, исходящих связей=0, depth=1"
100000008438656100,peripheral,0.5,27,0.04,"Входов=2, выходов=1, PageRank=0.000299"
100000008304139100,distributor,0.94,27,0.197,out_deg=24 >= 10; out_kzt=1692997 KZT
100000002597003100,peripheral,0.5,29,0.029,"Входов=1, выходов=1, PageRank=0.000290"
100000002830055100,terminal,0.8,1,0.047,"Получил 14000 KZT, исходящих связей=0, depth=1"
100000004299488100,coordinator,0.95,29,0.318,"PageRank=0.001468 >= q95=0.000979; in=6, out=2"
100000002809568100,terminal,0.8,29,0.047,"Получил 10000 KZT, исходящих связей=0, depth=1"
100000004784224100,peripheral,0.5,28,0.031,"Входов=1, выходов=1, PageRank=0.000306"
100000003123296100,terminal,0.8,3,0.048,"Получил 86200 KZT, исходящих связей=0, depth=1"
100000004130144100,terminal,0.8,24,0.049,"Получил 200000 KZT, исходящих связей=0, depth=1"
100000001253557100,consolidator,0.867,48,0.174,in_deg=5 >= 3; in_kzt=210200 KZT
100000008767925100,terminal,0.8,1,0.047,"Получил 17144 KZT, исходящих связей=0, depth=1"
100000007181706100,terminal,0.8,27,0.061,"Получил 176272 KZT, исходящих связей=0, depth=1"
100000003366154100,peripheral,0.5,27,0.037,"Входов=1, выходов=3, PageRank=0.000312"
100000007641183100,terminal,0.8,16,0.047,"Получил 28000 KZT, исходящих связей=0, depth=1"
100000008663007100,terminal,0.8,1,0.047,"Получил 14000 KZT, исходящих связей=0, depth=1"
100000007334196100,terminal,0.8,49,0.049,"Получил 150002 KZT, исходящих связей=0, depth=1"
100000003873332100,peripheral,0.5,37,0.037,"Входов=1, выходов=4, PageRank=0.000291"
100000001550388100,terminal,0.8,29,0.048,"Получил 50000 KZT, исходящих связей=0, depth=1"
100000008718089100,terminal,0.8,1,0.047,"Получил 15534 KZT, исходящих связей=0, depth=1"
100000008728457100,terminal,0.8,49,0.048,"Получил 45000 KZT, исходящих связей=0, depth=1"
100000004206046100,terminal,0.8,16,0.047,"Получил 11075 KZT, исходящих связей=0, depth=1"
100000006579678100,peripheral,0.5,16,0.083,"Входов=2, выходов=6, PageRank=0.000628"
100000002988894100,peripheral,0.5,27,0.039,"Входов=1, выходов=3, PageRank=0.000348"
100000008749406100,terminal,0.8,1,0.047,"Получил 17144 KZT, исходящих связей=0, depth=1"
100000005584222100,peripheral,0.5,29,0.077,"Входов=2, выходов=2, PageRank=0.000879"
100000003239859100,terminal,0.8,3,0.047,"Получил 18600 KZT, исходящих связей=0, depth=1"
100000003980083100,terminal,0.8,2,0.061,"Получил 30000 KZT, исходящих связей=0, depth=1"
100000004351795100,distributor,0.84,29,0.169,out_deg=14 >= 10; out_kzt=1715161 KZT
100000002666248100,terminal,0.8,27,0.048,"Получил 70032 KZT, исходящих связей=0, depth=1"
100000005877725100,terminal,0.8,1,0.048,"Получил 70000 KZT, исходящих связей=0, depth=1"
100000001697501100,distributor,1.0,1,0.224,out_deg=38 >= 10; out_kzt=1482606 KZT
100000006972210100,consolidator,0.8,24,0.155,in_deg=3 >= 3; in_kzt=488775 KZT
100000008749618100,terminal,0.8,1,0.048,"Получил 47280 KZT, исходящих связей=0, depth=1"
100000008671026100,terminal,0.8,1,0.047,"Получил 23534 KZT, исходящих связей=0, depth=1"
100000001696818100,terminal,0.8,27,0.048,"Получил 53550 KZT, исходящих связей=0, depth=1"
100000008679986100,terminal,0.8,1,0.047,"Получил 19000 KZT, исходящих связей=0, depth=1"
100000003616818100,consolidator,0.8,35,0.169,in_deg=3 >= 3; in_kzt=78000 KZT
100000004156082100,distributor,0.96,10,0.249,out_deg=26 >= 10; out_kzt=2319556 KZT
100000008667058100,terminal,0.8,1,0.047,"Получил 17534 KZT, исходящих связей=0, depth=1"
100000008628231100,peripheral,0.5,5,0.037,"Входов=1, выходов=2, PageRank=0.000297"
100000008749063100,terminal,0.8,1,0.047,"Получил 19000 KZT, исходящих связей=0, depth=1"
100000004494983100,terminal,0.8,1,0.048,"Получил 35000 KZT, исходящих связей=0, depth=1"
100000007648946100,peripheral,0.5,29,0.029,"Входов=1, выходов=1, PageRank=0.000291"
100000003037660100,terminal,0.8,27,0.048,"Получил 53000 KZT, исходящих связей=0, depth=1"
100000002679516100,consolidator,0.8,32,0.151,in_deg=3 >= 3; in_kzt=102335 KZT
100000005588444100,terminal,0.8,24,0.047,"Получил 12300 KZT, исходящих связей=0, depth=1"
100000001307612100,terminal,0.8,1,0.048,"Получил 38483 KZT, исходящих связей=0, depth=1"
100000003001564100,peripheral,0.5,16,0.03,"Входов=1, выходов=1, PageRank=0.000289"
100000002762076100,peripheral,0.5,24,0.041,"Входов=2, выходов=1, PageRank=0.000300"
100000005514161100,consolidator,0.833,51,0.194,in_deg=4 >= 3; in_kzt=401500 KZT
100000008746673100,terminal,0.8,1,0.048,"Получил 53048 KZT, исходящих связей=0, depth=1"
100000003265158100,consolidator,0.8,3,0.159,in_deg=3 >= 3; in_kzt=146100 KZT
100000001567366100,terminal,0.8,16,0.059,"Получил 824070 KZT, исходящих связей=0, depth=1"
100000008777088100,terminal,0.8,1,0.047,"Получил 18000 KZT, исходящих связей=0, depth=1"
100000002589019100,terminal,0.8,3,0.048,"Получил 34710 KZT, исходящих связей=0, depth=1"
100000008666075100,terminal,0.8,1,0.047,"Получил 26217 KZT, исходящих связей=0, depth=1"
100000008137435100,peripheral,0.5,41,0.062,"Входов=2, выходов=6, PageRank=0.000316"
100000004403675100,consolidator,0.833,39,0.197,in_deg=4 >= 3; in_kzt=182980 KZT
100000004677680100,coordinator,0.95,49,0.238,"PageRank=0.001099 >= q95=0.000979; in=2, out=1"
100000005958064100,peripheral,0.5,39,0.032,"Входов=1, выходов=2, PageRank=0.000287"
100000002881669100,terminal,0.8,3,0.047,"Получил 18600 KZT, исходящих связей=0, depth=1"
100000002938501100,peripheral,0.5,16,0.029,"Входов=1, выходов=1, PageRank=0.000288"
100000006734554100,peripheral,0.5,50,0.031,"Входов=1, выходов=1, PageRank=0.000313"
100000008003034100,peripheral,0.5,38,0.035,"Входов=1, выходов=4, PageRank=0.000288"
100000003970394100,terminal,0.8,3,0.048,"Получил 85000 KZT, исходящих связей=0, depth=1"
100000003205210100,terminal,0.8,27,0.05,"Получил 137563 KZT, исходящих связей=0, depth=1"
100000004559194100,terminal,0.8,16,0.051,"Получил 282145 KZT, исходящих связей=0, depth=1"
100000008173359100,terminal,0.8,16,0.047,"Получил 6110 KZT, исходящих связей=0, depth=1"
100000007953156100,peripheral,0.5,39,0.04,"Входов=1, выходов=1, PageRank=0.000480"
100000002224132100,coordinator,0.95,28,0.693,"PageRank=0.006085 >= q95=0.000979; in=5, out=4"
100000008547844100,distributor,0.89,48,0.182,out_deg=19 >= 10; out_kzt=2042199 KZT
100000002635780100,terminal,0.8,24,0.064,"Получил 163000 KZT, исходящих связей=0, depth=2"
100000001279875100,terminal,0.8,44,0.048,"Получил 49235 KZT, исходящих связей=0, depth=2"
100000001961048100,terminal,0.8,8,0.049,"Получил 150000 KZT, исходящих связей=0, depth=2"
100000000993112100,terminal,0.8,13,0.057,"Получил 141000 KZT, исходящих связей=0, depth=2"
100000005547096100,peripheral,0.5,40,0.067,"Входов=1, выходов=2, PageRank=0.000896"
100000000331309100,distributor,1.0,11,0.553,out_deg=99 >= 10; out_kzt=23001375 KZT
100000006684930100,terminal,0.8,38,0.048,"Получил 10000 KZT, исходящих связей=0, depth=2"
100000004479404100,peripheral,0.5,55,0.088,"Входов=2, выходов=1, PageRank=0.000871"
100000004134060100,terminal,0.8,32,0.05,"Получил 88179 KZT, исходящих связей=0, depth=2"
100000001083990100,terminal,0.8,3,0.06,"Получил 49900 KZT, исходящих связей=0, depth=2"
100000004573782100,terminal,0.8,24,0.048,"Получил 15000 KZT, исходящих связей=0, depth=2"
100000005660203100,peripheral,0.5,16,0.074,"Входов=1, выходов=2, PageRank=0.000953"
100000008771627100,terminal,0.8,1,0.047,"Получил 16500 KZT, исходящих связей=0, depth=2"
100000000031787100,transit,1.0,24,0.09,"Получил 90000 KZT, отправил 90000 KZT, pass=1.00"
100000001346560100,peripheral,0.5,32,0.057,"Входов=2, выходов=1, PageRank=0.000589"
100000001703168100,peripheral,0.5,27,0.03,"Входов=1, выходов=1, PageRank=0.000294"
100000004904960100,terminal,0.8,29,0.086,"Получил 32000 KZT, исходящих связей=0, depth=2"
100000004467157100,peripheral,0.5,64,0.035,"Входов=1, выходов=1, PageRank=0.000388"
100000008346837100,distributor,0.95,38,0.261,out_deg=25 >= 10; out_kzt=1258643 KZT
100000006385877100,coordinator,0.95,24,0.286,"PageRank=0.002137 >= q95=0.000979; in=1, out=1"
100000002459093100,peripheral,0.5,51,0.039,"Входов=1, выходов=1, PageRank=0.000391"
100000005053653100,peripheral,0.5,38,0.041,"Входов=2, выходов=1, PageRank=0.000315"
100000001557930100,terminal,0.8,51,0.048,"Получил 34610 KZT, исходящих связей=0, depth=2"
100000002820010100,terminal,0.8,51,0.047,"Получил 30000 KZT, исходящих связей=0, depth=2"
100000000769919100,terminal,0.8,23,0.075,"Получил 250000 KZT, исходящих связей=0, depth=2"
100000003188607100,peripheral,0.5,24,0.031,"Входов=1, выходов=1, PageRank=0.000316"
100000002836052100,terminal,0.8,32,0.048,"Получил 15000 KZT, исходящих связей=0, depth=2"
100000001102676100,transit,1.0,27,0.081,"Получил 50000 KZT, отправил 50000 KZT, pass=1.00"
100000003390036100,coordinator,0.95,49,0.253,"PageRank=0.001329 >= q95=0.000979; in=2, out=2"
100000008335401100,terminal,0.8,57,0.064,"Получил 150000 KZT, исходящих связей=0, depth=2"
100000006994985100,peripheral,0.5,51,0.042,"Входов=1, выходов=1, PageRank=0.000504"
100000008356606100,terminal,0.8,38,0.078,"Получил 168500 KZT, исходящих связей=0, depth=2"
100000007930878100,terminal,0.8,20,0.058,"Получил 5000 KZT, исходящих связей=0, depth=2"
100000008389800100,consolidator,0.8,16,0.177,in_deg=3 >= 3; in_kzt=189000 KZT
100000005474472100,terminal,0.8,28,0.063,"Получил 100000 KZT, исходящих связей=0, depth=2"
100000004486525100,consolidator,0.967,29,0.239,in_deg=8 >= 3; in_kzt=360924 KZT
100000003031890100,terminal,0.8,35,0.055,"Получил 215000 KZT, исходящих связей=0, depth=2"
100000008624978100,terminal,0.8,32,0.051,"Получил 109000 KZT, исходящих связей=0, depth=2"
100000000790311100,terminal,0.8,10,0.048,"Получил 46300 KZT, исходящих связей=0, depth=2"
100000008546855100,coordinator,0.95,37,0.299,"PageRank=0.001432 >= q95=0.000979; in=6, out=2"
100000002863356100,peripheral,0.5,1,0.03,"Входов=1, выходов=1, PageRank=0.000302"
100000000332284100,consolidator,1.0,11,0.254,in_deg=10 >= 3; in_kzt=107426 KZT
100000002605308100,consolidator,0.8,39,0.204,in_deg=3 >= 3; in_kzt=2569522 KZT
100000005931985100,terminal,0.8,44,0.049,"Получил 76000 KZT, исходящих связей=0, depth=2"
100000001166289100,coordinator,0.95,1,0.296,"PageRank=0.002045 >= q95=0.000979; in=2, out=1"
100000008477350100,coordinator,0.95,29,0.425,"PageRank=0.001039 >= q95=0.000979; in=11, out=39"
100000003824464100,terminal,0.8,41,0.051,"Получил 200000 KZT, исходящих связей=0, depth=2"
100000002738256100,transit,0.835,22,0.094,"Получил 150200 KZT, отправил 175000 KZT, pass=1.17"
100000001857829100,distributor,0.86,32,0.233,out_deg=16 >= 10; out_kzt=2390993 KZT
100000008672762100,terminal,0.8,1,0.047,"Получил 13000 KZT, исходящих связей=0, depth=2"
100000001737722100,terminal,0.8,27,0.049,"Получил 60460 KZT, исходящих связей=0, depth=2"
100000005572303100,peripheral,0.5,16,0.031,"Входов=1, выходов=1, PageRank=0.000315"
100000008733049100,terminal,0.8,10,0.047,"Получил 10000 KZT, исходящих связей=0, depth=2"
100000000850297100,transit,1.0,57,0.079,"Получил 17520 KZT, отправил 17520 KZT, pass=1.00"
100000005140601100,coordinator,0.95,32,0.343,"PageRank=0.002722 >= q95=0.000979; in=3, out=2"
100000004410489100,terminal,0.8,29,0.049,"Получил 54000 KZT, исходящих связей=0, depth=2"
100000006852430100,terminal,0.8,49,0.062,"Получил 37000 KZT, исходящих связей=0, depth=2"
100000003166755100,terminal,0.8,27,0.047,"Получил 24010 KZT, исходящих связей=0, depth=2"
100000008258083100,coordinator,0.95,8,0.278,"PageRank=0.001054 >= q95=0.000979; in=2, out=2"
100000003054328100,peripheral,0.5,44,0.036,"Входов=1, выходов=2, PageRank=0.000337"
100000008473207100,terminal,0.8,32,0.064,"Получил 202000 KZT, исходящих связей=0, depth=2"
100000008104567100,consolidator,0.8,57,0.168,in_deg=3 >= 3; in_kzt=53550 KZT
100000002721825100,terminal,0.8,29,0.061,"Получил 11000 KZT, исходящих связей=0, depth=2"
100000003509750100,coordinator,0.95,51,0.285,"PageRank=0.001693 >= q95=0.000979; in=3, out=3"
100000007322059100,peripheral,0.5,13,0.062,"Входов=2, выходов=1, PageRank=0.000683"
100000004441291100,terminal,0.8,27,0.062,"Получил 20000 KZT, исходящих связей=0, depth=2"
100000006122699100,terminal,0.8,3,0.065,"Получил 45865 KZT, исходящих связей=0, depth=2"
100000008254069100,peripheral,0.5,15,0.04,"Входов=1, выходов=5, PageRank=0.000344"
100000003336565100,terminal,0.8,1,0.047,"Получил 16550 KZT, исходящих связей=0, depth=2"
100000002492277100,terminal,0.8,27,0.049,"Получил 138500 KZT, исходящих связей=0, depth=2"
100000001339466100,terminal,0.8,29,0.048,"Получил 30000 KZT, исходящих связей=0, depth=2"
100000005022964100,terminal,0.8,27,0.049,"Получил 20000 KZT, исходящих связей=0, depth=2"
100000003112436100,terminal,0.8,16,0.049,"Получил 100000 KZT, исходящих связей=0, depth=2"
100000000489417100,consolidator,0.8,29,0.166,in_deg=3 >= 3; in_kzt=73504 KZT
100000002217161100,peripheral,0.5,34,0.096,"Входов=2, выходов=7, PageRank=0.000895"
100000002469065100,terminal,0.8,16,0.05,"Получил 200000 KZT, исходящих связей=0, depth=2"
100000007337374100,terminal,0.8,1,0.047,"Получил 20000 KZT, исходящих связей=0, depth=2"
100000003249054100,consolidator,0.933,29,0.201,in_deg=7 >= 3; in_kzt=99700 KZT
100000003024542100,terminal,0.8,27,0.049,"Получил 8500 KZT, исходящих связей=0, depth=2"
100000002718366100,consolidator,0.9,48,0.223,in_deg=6 >= 3; in_kzt=2525000 KZT
100000005059998100,terminal,0.8,29,0.048,"Получил 18000 KZT, исходящих связей=0, depth=2"
100000004071070100,coordinator,0.95,29,0.242,"PageRank=0.001195 >= q95=0.000979; in=2, out=1"
100000001584286100,terminal,0.8,44,0.066,"Получил 738699 KZT, исходящих связей=0, depth=2"
100000008701256100,terminal,0.8,29,0.048,"Получил 58250 KZT, исходящих связей=0, depth=2"
100000001490461100,peripheral,0.5,57,0.031,"Входов=1, выходов=1, PageRank=0.000322"
100000008531186100,terminal,0.8,29,0.052,"Получил 125000 KZT, исходящих связей=0, depth=2"
100000004765639100,peripheral,0.5,29,0.035,"Входов=1, выходов=2, PageRank=0.000363"
100000002983879100,terminal,0.8,29,0.063,"Получил 200050 KZT, исходящих связей=0, depth=2"
100000008734364100,terminal,0.8,1,0.048,"Получил 26200 KZT, исходящих связей=0, depth=2"
100000003192220100,terminal,0.8,16,0.06,"Получил 60000 KZT, исходящих связей=0, depth=2"
100000008060273100,terminal,0.8,32,0.048,"Получил 10000 KZT, исходящих связей=0, depth=2"
100000008205937100,terminal,0.8,38,0.05,"Получил 35000 KZT, исходящих связей=0, depth=2"
100000005507142100,consolidator,0.8,58,0.17,in_deg=3 >= 3; in_kzt=51000 KZT
100000005539910100,peripheral,0.5,27,0.044,"Входов=1, выходов=2, PageRank=0.000501"
100000002459163100,terminal,0.8,9,0.051,"Получил 20180 KZT, исходящих связей=0, depth=2"
100000004666651100,terminal,0.8,5,0.06,"Получил 429250 KZT, исходящих связей=0, depth=2"
100000003927792100,terminal,0.8,10,0.047,"Получил 13067 KZT, исходящих связей=0, depth=2"
100000000607941100,peripheral,0.5,16,0.057,"Входов=2, выходов=1, PageRank=0.000581"
100000004158362100,terminal,0.8,29,0.047,"Получил 12000 KZT, исходящих связей=0, depth=2"
100000005664922100,peripheral,0.5,28,0.077,"Входов=2, выходов=3, PageRank=0.000809"
100000007594394100,consolidator,0.9,29,0.219,in_deg=6 >= 3; in_kzt=395385 KZT
100000000979567100,terminal,0.8,1,0.061,"Получил 10000 KZT, исходящих связей=0, depth=2"
100000002831727100,peripheral,0.5,37,0.03,"Входов=1, выходов=1, PageRank=0.000292"
100000003062895100,terminal,0.8,48,0.067,"Получил 328444 KZT, исходящих связей=0, depth=2"
100000008376089100,terminal,0.8,8,0.049,"Получил 135000 KZT, исходящих связей=0, depth=2"
100000003219438100,terminal,0.8,64,0.057,"Получил 32000 KZT, исходящих связей=0, depth=2"
100000000967918100,terminal,0.8,29,0.058,"Получил 21200 KZT, исходящих связей=0, depth=2"
100000003254723100,terminal,0.8,27,0.063,"Получил 269850 KZT, исходящих связей=0, depth=2"
100000003823811100,peripheral,0.5,39,0.037,"Входов=1, выходов=3, PageRank=0.000359"
100000008587459100,peripheral,0.5,29,0.049,"Входов=2, выходов=2, PageRank=0.000302"
100000008603331100,peripheral,0.5,48,0.058,"Входов=2, выходов=6, PageRank=0.000346"
100000008758168100,peripheral,0.5,30,0.061,"Входов=2, выходов=5, PageRank=0.000320"
100000003724440100,terminal,0.8,29,0.059,"Получил 50000 KZT, исходящих связей=0, depth=2"
100000000291906100,transit,0.825,43,0.125,"Получил 388000 KZT, отправил 455854 KZT, pass=1.17"
100000005077484100,peripheral,0.5,50,0.046,"Входов=1, выходов=2, PageRank=0.000542"
100000004192107100,terminal,0.8,27,0.048,"Получил 25000 KZT, исходящих связей=0, depth=2"
100000002193259100,peripheral,0.5,32,0.078,"Входов=2, выходов=3, PageRank=0.000895"
100000005481280100,peripheral,0.5,10,0.033,"Входов=1, выходов=3, PageRank=0.000297"
100000004527381100,peripheral,0.5,10,0.037,"Входов=1, выходов=1, PageRank=0.000377"
100000001578517100,terminal,0.8,16,0.047,"Получил 30000 KZT, исходящих связей=0, depth=2"
100000003741418100,consolidator,1.0,11,0.237,in_deg=9 >= 3; in_kzt=151900 KZT
100000008737514100,terminal,0.8,10,0.049,"Получил 85000 KZT, исходящих связей=0, depth=2"
100000002870463100,coordinator,0.95,51,0.297,"PageRank=0.001955 >= q95=0.000979; in=3, out=1"
100000008545727100,peripheral,0.5,57,0.056,"Входов=1, выходов=6, PageRank=0.000340"
100000000425407100,terminal,0.8,29,0.048,"Получил 20000 KZT, исходящих связей=0, depth=2"
100000001418900100,terminal,0.8,1,0.048,"Получил 40140 KZT, исходящих связей=0, depth=2"
100000001677929100,coordinator,0.95,24,0.38,"PageRank=0.003343 >= q95=0.000979; in=3, out=2"
100000002539625100,terminal,0.8,48,0.051,"Получил 94700 KZT, исходящих связей=0, depth=2"
100000001965374100,coordinator,0.95,28,0.29,"PageRank=0.001287 >= q95=0.000979; in=2, out=3"
100000001287955100,peripheral,0.5,44,0.037,"Входов=1, выходов=4, PageRank=0.000295"
100000005402643100,peripheral,0.5,24,0.031,"Входов=1, выходов=1, PageRank=0.000299"
100000008752616100,peripheral,0.5,48,0.062,"Входов=2, выходов=7, PageRank=0.000314"
100000000733373100,terminal,0.8,10,0.048,"Получил 10710 KZT, исходящих связей=0, depth=2"
100000008531133100,peripheral,0.5,16,0.048,"Входов=1, выходов=3, PageRank=0.000535"
100000005933757100,coordinator,0.95,39,0.343,"PageRank=0.001003 >= q95=0.000979; in=4, out=34"
100000006490557100,terminal,0.8,24,0.047,"Получил 5000 KZT, исходящих связей=0, depth=2"
100000008497298100,terminal,0.8,24,0.055,"Получил 600000 KZT, исходящих связей=0, depth=2"
100000005168487100,coordinator,0.95,49,0.269,"PageRank=0.001838 >= q95=0.000979; in=1, out=1"
100000005799271100,terminal,0.8,49,0.062,"Получил 45000 KZT, исходящих связей=0, depth=2"
100000000912487100,terminal,0.8,29,0.047,"Получил 10000 KZT, исходящих связей=0, depth=2"
100000007982908100,terminal,0.8,1,0.048,"Получил 31080 KZT, исходящих связей=0, depth=2"
100000005413948100,coordinator,0.95,48,0.281,"PageRank=0.001877 >= q95=0.000979; in=2, out=1"
100000000724540100,peripheral,0.5,32,0.031,"Входов=1, выходов=1, PageRank=0.000311"
100000005730108100,terminal,0.8,29,0.051,"Получил 8000 KZT, исходящих связей=0, depth=2"
100000002566204100,terminal,0.8,57,0.05,"Получил 80805 KZT, исходящих связей=0, depth=2"
100000000625169100,terminal,0.8,1,0.047,"Получил 10000 KZT, исходящих связей=0, depth=2"
100000001114385100,terminal,0.8,27,0.047,"Получил 29500 KZT, исходящих связей=0, depth=2"
100000002964966100,terminal,0.8,27,0.055,"Получил 200000 KZT, исходящих связей=0, depth=2"
100000008771814100,terminal,0.8,1,0.048,"Получил 23700 KZT, исходящих связей=0, depth=2"
100000001241318100,terminal,0.8,29,0.062,"Получил 53000 KZT, исходящих связей=0, depth=2"
100000001250022100,terminal,0.8,51,0.048,"Получил 50000 KZT, исходящих связей=0, depth=2"
100000006534886100,coordinator,0.95,16,0.229,"PageRank=0.001134 >= q95=0.000979; in=1, out=1"
100000008655035100,terminal,0.8,24,0.062,"Получил 30000 KZT, исходящих связей=0, depth=2"
100000005932987100,terminal,0.8,64,0.054,"Получил 25000 KZT, исходящих связей=0, depth=2"
100000008636603100,peripheral,0.5,3,0.052,"Входов=2, выходов=6, PageRank=0.000340"
100000008710843100,distributor,0.83,30,0.157,out_deg=13 >= 10; out_kzt=1985500 KZT
100000000917179100,terminal,0.8,39,0.056,"Получил 94465 KZT, исходящих связей=0, depth=2"
100000004209339100,peripheral,0.5,49,0.064,"Входов=1, выходов=2, PageRank=0.000823"
100000008765627100,terminal,0.8,51,0.048,"Получил 60000 KZT, исходящих связей=0, depth=2"
100000002443664100,consolidator,0.8,44,0.155,in_deg=3 >= 3; in_kzt=556880 KZT
100000008144528100,consolidator,0.867,16,0.222,in_deg=5 >= 3; in_kzt=1068203 KZT
100000003988112100,peripheral,0.5,39,0.043,"Входов=1, выходов=1, PageRank=0.000507"
100000008008463100,terminal,0.8,51,0.048,"Получил 54180 KZT, исходящих связей=0, depth=2"
100000006679055100,terminal,0.8,29,0.048,"Получил 25000 KZT, исходящих связей=0, depth=2"
100000007382543100,coordinator,0.95,64,0.264,"PageRank=0.001195 >= q95=0.000979; in=3, out=5"
100000007749092100,coordinator,0.95,16,0.268,"PageRank=0.001829 >= q95=0.000979; in=1, out=1"
100000004221668100,coordinator,0.95,51,0.391,"PageRank=0.003109 >= q95=0.000979; in=4, out=3"
100000008174521100,terminal,0.8,10,0.057,"Получил 82110 KZT, исходящих связей=0, depth=2"
100000002692750100,coordinator,0.95,51,0.302,"PageRank=0.002038 >= q95=0.000979; in=3, out=1"
100000002173070100,terminal,0.8,16,0.047,"Получил 30000 KZT, исходящих связей=0, depth=2"
100000005911352100,peripheral,0.5,60,0.058,"Входов=2, выходов=3, PageRank=0.000554"
100000003068941100,consolidator,0.8,29,0.152,in_deg=3 >= 3; in_kzt=94000 KZT
100000001420847100,terminal,0.8,37,0.048,"Получил 20000 KZT, исходящих связей=0, depth=2"
100000005602999100,peripheral,0.5,49,0.032,"Входов=1, выходов=2, PageRank=0.000306"
100000000723383100,peripheral,0.5,47,0.037,"Входов=1, выходов=2, PageRank=0.000391"
100000006977207100,distributor,0.85,32,0.174,out_deg=15 >= 10; out_kzt=4157018 KZT
100000001273783100,terminal,0.8,57,0.048,"Получил 23200 KZT, исходящих связей=0, depth=2"
100000000201868100,coordinator,0.95,16,0.222,"PageRank=0.000979 >= q95=0.000979; in=1, out=1"
100000007777377100,peripheral,0.5,16,0.039,"Входов=1, выходов=2, PageRank=0.000363"
100000004192865100,terminal,0.8,50,0.063,"Получил 66666 KZT, исходящих связей=0, depth=2"
100000006901046100,coordinator,0.95,16,0.338,"PageRank=0.003045 >= q95=0.000979; in=1, out=1"
100000000437046100,distributor,1.0,29,0.365,out_deg=42 >= 10; out_kzt=7606224 KZT
100000008765494100,terminal,0.8,1,0.048,"Получил 24000 KZT, исходящих связей=0, depth=2"
100000008713270100,peripheral,0.5,51,0.034,"Входов=1, выходов=3, PageRank=0.000293"
100000003603979100,terminal,0.8,35,0.066,"Получил 165000 KZT, исходящих связей=0, depth=2"
100000000943371100,terminal,0.8,38,0.048,"Получил 15500 KZT, исходящих связей=0, depth=2"
100000008672480100,terminal,0.8,1,0.047,"Получил 13000 KZT, исходящих связей=0, depth=2"
100000008691168100,terminal,0.8,1,0.048,"Получил 24000 KZT, исходящих связей=0, depth=2"
100000003237045100,peripheral,0.5,16,0.039,"Входов=1, выходов=1, PageRank=0.000396"
100000008736394100,terminal,0.8,1,0.047,"Получил 16000 KZT, исходящих связей=0, depth=2"
100000004160650100,distributor,0.8,35,0.152,out_deg=10 >= 10; out_kzt=1489827 KZT
100000000629812100,terminal,0.8,21,0.058,"Получил 22000 KZT, исходящих связей=0, depth=2"
100000000955444100,terminal,0.8,20,0.051,"Получил 6910 KZT, исходящих связей=0, depth=2"
100000008731444100,consolidator,0.8,29,0.178,in_deg=3 >= 3; in_kzt=439000 KZT
100000008413748100,distributor,0.88,36,0.166,out_deg=18 >= 10; out_kzt=1377320 KZT
100000006787636100,terminal,0.8,16,0.051,"Получил 20000 KZT, исходящих связей=0, depth=2"
100000005942793100,consolidator,0.833,29,0.161,in_deg=4 >= 3; in_kzt=55000 KZT
100000008730846100,consolidator,0.933,49,0.213,in_deg=7 >= 3; in_kzt=155042 KZT
100000002570206100,terminal,0.8,36,0.061,"Получил 166960 KZT, исходящих связей=0, depth=2"
100000000785800100,transit,1.0,9,0.083,"Получил 19000 KZT, отправил 19000 KZT, pass=1.00"
100000007382152100,terminal,0.8,29,0.047,"Получил 5860 KZT, исходящих связей=0, depth=2"
100000000910216100,peripheral,0.5,29,0.032,"Входов=1, выходов=1, PageRank=0.000325"
100000003131016100,coordinator,0.95,32,0.264,"PageRank=0.001695 >= q95=0.000979; in=1, out=1"
100000003221384100,terminal,0.8,10,0.061,"Получил 511200 KZT, исходящих связей=0, depth=2"
100000002156381100,coordinator,0.95,49,0.236,"PageRank=0.001087 >= q95=0.000979; in=2, out=1"
100000002779485100,terminal,0.8,32,0.063,"Получил 91000 KZT, исходящих связей=0, depth=2"
100000008774237100,peripheral,0.5,35,0.031,"Входов=1, выходов=1, PageRank=0.000312"
100000002628146100,terminal,0.8,13,0.049,"Получил 30500 KZT, исходящих связей=0, depth=2"
100000002852402100,terminal,0.8,10,0.05,"Получил 55000 KZT, исходящих связей=0, depth=2"
100000006989106100,terminal,0.8,24,0.06,"Получил 64000 KZT, исходящих связей=0, depth=2"
100000002958343100,peripheral,0.5,24,0.086,"Входов=1, выходов=2, PageRank=0.000632"
100000008461532100,peripheral,0.5,61,0.103,"Входов=2, выходов=8, PageRank=0.000748"
100000004400305100,distributor,1.0,29,0.367,out_deg=82 >= 10; out_kzt=5830181 KZT
100000000297649100,peripheral,0.5,32,0.06,"Входов=1, выходов=1, PageRank=0.000813"
100000003191430100,terminal,0.8,16,0.063,"Получил 180000 KZT, исходящих связей=0, depth=2"
100000003275398100,peripheral,0.5,35,0.04,"Входов=1, выходов=1, PageRank=0.000436"
100000005203590100,terminal,0.8,51,0.049,"Получил 90000 KZT, исходящих связей=0, depth=2"
100000008672603100,terminal,0.8,27,0.048,"Получил 21200 KZT, исходящих связей=0, depth=2"
100000000718427100,terminal,0.8,1,0.047,"Получил 6000 KZT, исходящих связей=0, depth=2"
100000003104347100,peripheral,0.5,41,0.037,"Входов=1, выходов=1, PageRank=0.000366"
100000002974256100,terminal,0.8,3,0.061,"Получил 7200 KZT, исходящих связей=0, depth=2"
100000007173936100,terminal,0.8,8,0.047,"Получил 10000 KZT, исходящих связей=0, depth=2"
100000002744581100,terminal,0.8,24,0.049,"Получил 12000 KZT, исходящих связей=0, depth=2"
100000000596954100,peripheral,0.5,27,0.045,"Входов=1, выходов=2, PageRank=0.000518"
100000004950490100,terminal,0.8,24,0.05,"Получил 10000 KZT, исходящих связей=0, depth=2"
100000008772058100,terminal,0.8,1,0.048,"Получил 50000 KZT, исходящих связей=0, depth=2"
100000000971908100,terminal,0.8,51,0.049,"Получил 89000 KZT, исходящих связей=0, depth=2"
100000008687492100,terminal,0.8,1,0.047,"Получил 15000 KZT, исходящих связей=0, depth=2"
100000003159641100,consolidator,0.833,10,0.163,in_deg=4 >= 3; in_kzt=64000 KZT
100000005326681100,terminal,0.8,10,0.048,"Получил 31228 KZT, исходящих связей=0, depth=2"
100000006888238100,peripheral,0.5,14,0.048,"Входов=1, выходов=1, PageRank=0.000612"
100000001290243100,terminal,0.8,16,0.049,"Получил 10000 KZT, исходящих связей=0, depth=2"
100000008289539100,terminal,0.8,10,0.047,"Получил 14912 KZT, исходящих связей=0, depth=2"
100000000821507100,terminal,0.8,8,0.053,"Получил 400000 KZT, исходящих связей=0, depth=2"
100000003086040100,terminal,0.8,29,0.062,"Получил 10500 KZT, исходящих связей=0, depth=2"
100000002969048100,terminal,0.8,51,0.049,"Получил 108470 KZT, исходящих связей=0, depth=2"
100000002826669100,terminal,0.8,29,0.059,"Получил 159900 KZT, исходящих связей=0, depth=2"
100000002293421100,transit,0.854,29,0.131,"Получил 41000 KZT, отправил 47000 KZT, pass=1.15"
100000004732589100,terminal,0.8,57,0.055,"Получил 227520 KZT, исходящих связей=0, depth=2"
100000003003821100,terminal,0.8,27,0.056,"Получил 40000 KZT, исходящих связей=0, depth=2"
100000005237935150,terminal,0.8,44,0.048,"Получил 34508 KZT, исходящих связей=0, depth=2"
100000004463277100,terminal,0.8,50,0.071,"Получил 35000 KZT, исходящих связей=0, depth=2"
100000006523053100,terminal,0.8,27,0.062,"Получил 5000 KZT, исходящих связей=0, depth=2"
100000001954903100,terminal,0.8,57,0.048,"Получил 27118 KZT, исходящих связей=0, depth=2"
100000005328215100,terminal,0.8,57,0.048,"Получил 27000 KZT, исходящих связей=0, depth=2"
100000004424023100,peripheral,0.5,51,0.07,"Входов=1, выходов=1, PageRank=0.000976"
100000002299948100,terminal,0.8,13,0.047,"Получил 6750 KZT, исходящих связей=0, depth=2"
100000005105153100,terminal,0.8,29,0.054,"Получил 30000 KZT, исходящих связей=0, depth=2"
100000001985793100,terminal,0.8,51,0.055,"Получил 420000 KZT, исходящих связей=0, depth=2"
100000003134934100,consolidator,0.833,29,0.169,in_deg=4 >= 3; in_kzt=379354 KZT
100000006240939100,peripheral,0.5,51,0.045,"Входов=1, выходов=5, PageRank=0.000320"
100000008656043100,terminal,0.8,1,0.048,"Получил 26200 KZT, исходящих связей=0, depth=2"
100000002605184100,terminal,0.8,10,0.054,"Получил 140000 KZT, исходящих связей=0, depth=2"
100000003157333100,terminal,0.8,51,0.047,"Получил 30000 KZT, исходящих связей=0, depth=2"
100000007898453100,peripheral,0.5,56,0.036,"Входов=1, выходов=2, PageRank=0.000334"
100000002710570100,terminal,0.8,59,0.063,"Получил 225015 KZT, исходящих связей=0, depth=2"
100000004979498100,coordinator,0.95,22,0.246,"PageRank=0.001328 >= q95=0.000979; in=1, out=1"
100000001541418100,terminal,0.8,24,0.059,"Получил 96900 KZT, исходящих связей=0, depth=2"
100000007797290100,peripheral,0.5,29,0.031,"Входов=1, выходов=1, PageRank=0.000302"
100000008683818100,terminal,0.8,1,0.047,"Получил 17400 KZT, исходящих связей=0, depth=2"
100000006567935100,terminal,0.8,8,0.05,"Получил 200000 KZT, исходящих связей=0, depth=2"
100000002132479100,peripheral,0.5,39,0.048,"Входов=1, выходов=1, PageRank=0.000609"
100000002170580100,terminal,0.8,57,0.052,"Получил 150000 KZT, исходящих связей=0, depth=2"
100000001232297100,peripheral,0.5,38,0.031,"Входов=1, выходов=2, PageRank=0.000293"
100000002028158100,terminal,0.8,10,0.048,"Получил 34800 KZT, исходящих связей=0, depth=2"
100000005519998100,consolidator,0.8,64,0.177,in_deg=3 >= 3; in_kzt=182000 KZT
100000002335358100,terminal,0.8,16,0.067,"Получил 140000 KZT, исходящих связей=0, depth=2"
100000007289427100,terminal,0.8,27,0.052,"Получил 12300 KZT, исходящих связей=0, depth=2"
100000004592467100,terminal,0.8,27,0.047,"Получил 7000 KZT, исходящих связей=0, depth=2"
100000004993576100,terminal,0.8,10,0.051,"Получил 167000 KZT, исходящих связей=0, depth=2"
100000001648936100,terminal,0.8,51,0.049,"Получил 92740 KZT, исходящих связей=0, depth=2"
100000008512552100,consolidator,0.833,36,0.191,in_deg=4 >= 3; in_kzt=394360 KZT
100000007629096100,coordinator,0.95,29,0.353,"PageRank=0.002502 >= q95=0.000979; in=4, out=1"
100000001601320100,transit,0.938,24,0.12,"Получил 43500 KZT, отправил 46200 KZT, pass=1.06"
100000005782781100,distributor,0.8,24,0.2,out_deg=10 >= 10; out_kzt=1263597 KZT
100000002723538100,distributor,0.82,27,0.156,out_deg=12 >= 10; out_kzt=560499 KZT
100000002340562100,terminal,0.8,24,0.061,"Получил 36650 KZT, исходящих связей=0, depth=2"
100000005939154100,terminal,0.8,16,0.048,"Получил 22000 KZT, исходящих связей=0, depth=2"
100000004386258100,consolidator,0.8,3,0.168,in_deg=3 >= 3; in_kzt=61700 KZT
100000008406609100,terminal,0.8,15,0.056,"Получил 34000 KZT, исходящих связей=0, depth=2"
100000007242833100,peripheral,0.5,3,0.043,"Входов=1, выходов=1, PageRank=0.000516"
100000004698193100,peripheral,0.5,51,0.076,"Входов=2, выходов=3, PageRank=0.000829"
100000002733905100,coordinator,0.95,1,0.36,"PageRank=0.002938 >= q95=0.000979; in=3, out=2"
100000006912294100,peripheral,0.5,24,0.043,"Входов=1, выходов=2, PageRank=0.000505"
100000003036198100,terminal,0.8,27,0.047,"Получил 15000 KZT, исходящих связей=0, depth=2"
100000004687099100,terminal,0.8,24,0.05,"Получил 30000 KZT, исходящих связей=0, depth=2"
100000005242320100,distributor,0.91,44,0.243,out_deg=21 >= 10; out_kzt=8936295 KZT
100000008762832100,peripheral,0.5,27,0.032,"Входов=1, выходов=1, PageRank=0.000310"
100000002489253100,terminal,0.8,16,0.048,"Получил 51000 KZT, исходящих связей=0, depth=2"
100000004756901100,terminal,0.8,16,0.05,"Получил 153248 KZT, исходящих связей=0, depth=2"
100000008749989100,terminal,0.8,1,0.047,"Получил 16000 KZT, исходящих связей=0, depth=2"
100000001380986100,terminal,0.8,24,0.048,"Получил 70170 KZT, исходящих связей=0, depth=2"
100000003089018100,terminal,0.8,24,0.05,"Получил 230000 KZT, исходящих связей=0, depth=2"
100000008742266100,terminal,0.8,1,0.048,"Получил 21000 KZT, исходящих связей=0, depth=2"
100000003044431100,terminal,0.8,29,0.059,"Получил 60000 KZT, исходящих связей=0, depth=2"
100000003321423100,terminal,0.8,49,0.07,"Получил 100000 KZT, исходящих связей=0, depth=2"
100000002540623100,terminal,0.8,57,0.05,"Получил 100000 KZT, исходящих связей=0, depth=2"
100000004225615100,terminal,0.8,24,0.048,"Получил 90000 KZT, исходящих связей=0, depth=2"
100000004820260100,coordinator,0.95,16,0.25,"PageRank=0.001410 >= q95=0.000979; in=1, out=3"
100000000795129100,terminal,0.8,10,0.056,"Получил 332000 KZT, исходящих связей=0, depth=2"
100000008213966100,coordinator,0.95,64,0.3,"PageRank=0.001943 >= q95=0.000979; in=3, out=1"
100000008478414100,terminal,0.8,1,0.047,"Получил 10000 KZT, исходящих связей=0, depth=2"
100000001330595100,consolidator,0.8,35,0.174,in_deg=3 >= 3; in_kzt=87000 KZT
100000000076451100,coordinator,0.95,10,0.27,"PageRank=0.001401 >= q95=0.000979; in=3, out=4"
100000005664632100,terminal,0.8,5,0.053,"Получил 198620 KZT, исходящих связей=0, depth=2"
100000002457464100,terminal,0.8,27,0.05,"Получил 66647 KZT, исходящих связей=0, depth=2"
100000002757240100,terminal,0.8,29,0.049,"Получил 51183 KZT, исходящих связей=0, depth=2"
100000003718221100,coordinator,0.95,41,0.245,"PageRank=0.001051 >= q95=0.000979; in=2, out=4"
100000008629581100,terminal,0.8,27,0.049,"Получил 54184 KZT, исходящих связей=0, depth=2"
100000004806903100,terminal,0.8,27,0.061,"Получил 18000 KZT, исходящих связей=0, depth=2"
100000000913911100,peripheral,0.5,27,0.058,"Входов=2, выходов=1, PageRank=0.000461"
100000004905207100,terminal,0.8,39,0.059,"Получил 380000 KZT, исходящих связей=0, depth=2"
100000003831201100,terminal,0.8,29,0.062,"Получил 40500 KZT, исходящих связей=0, depth=2"
100000003073398100,terminal,0.8,51,0.049,"Получил 92960 KZT, исходящих связей=0, depth=2"
100000008418934100,terminal,0.8,24,0.052,"Получил 360000 KZT, исходящих связей=0, depth=2"
100000002741024100,coordinator,0.95,29,0.389,"PageRank=0.002881 >= q95=0.000979; in=5, out=6"
100000008106997100,peripheral,0.5,29,0.041,"Входов=2, выходов=1, PageRank=0.000307"
100000007998965100,consolidator,0.867,57,0.184,in_deg=5 >= 3; in_kzt=278000 KZT
100000001822623100,terminal,0.8,41,0.051,"Получил 201300 KZT, исходящих связей=0, depth=2"
100000006424479100,peripheral,0.5,38,0.074,"Входов=1, выходов=2, PageRank=0.000948"
100000008696692100,terminal,0.8,1,0.047,"Получил 19000 KZT, исходящих связей=0, depth=2"
100000002748532100,consolidator,0.8,30,0.163,in_deg=3 >= 3; in_kzt=355575 KZT
100000004456564100,terminal,0.8,39,0.053,"Получил 10000 KZT, исходящих связей=0, depth=2"
100000001530740100,terminal,0.8,16,0.061,"Получил 15000 KZT, исходящих связей=0, depth=2"
100000001386612100,terminal,0.8,39,0.056,"Получил 62264 KZT, исходящих связей=0, depth=2"
100000003360542100,coordinator,0.95,49,0.261,"PageRank=0.001462 >= q95=0.000979; in=2, out=2"
100000008352542100,terminal,0.8,27,0.05,"Получил 50220 KZT, исходящих связей=0, depth=2"
100000001138376100,terminal,0.8,10,0.047,"Получил 15300 KZT, исходящих связей=0, depth=2"
100000003246024100,peripheral,0.5,32,0.034,"Входов=1, выходов=1, PageRank=0.000374"
100000002680477100,terminal,0.8,44,0.048,"Получил 25000 KZT, исходящих связей=0, depth=2"
100000005882013100,peripheral,0.5,38,0.054,"Входов=2, выходов=1, PageRank=0.000529"
100000005665181100,distributor,0.81,11,0.166,out_deg=11 >= 10; out_kzt=181915 KZT
100000008141170100,terminal,0.8,16,0.066,"Получил 11000 KZT, исходящих связей=0, depth=2"
100000001382002100,transit,0.973,29,0.101,"Получил 55000 KZT, отправил 56500 KZT, pass=1.03"
100000002481735100,terminal,0.8,16,0.052,"Получил 22436 KZT, исходящих связей=0, depth=2"
100000000806727100,peripheral,0.5,32,0.033,"Входов=1, выходов=1, PageRank=0.000347"
100000003039473100,terminal,0.8,16,0.049,"Получил 23000 KZT, исходящих связей=0, depth=2"
100000005205745100,terminal,0.8,51,0.049,"Получил 6000 KZT, исходящих связей=0, depth=2"
100000004356593100,peripheral,0.5,27,0.03,"Входов=1, выходов=1, PageRank=0.000295"
100000008688881100,terminal,0.8,1,0.048,"Получил 44211 KZT, исходящих связей=0, depth=2"
100000008111003100,consolidator,0.9,29,0.194,in_deg=6 >= 3; in_kzt=222716 KZT
100000003016773100,terminal,0.8,48,0.049,"Получил 46555 KZT, исходящих связей=0, depth=2"
100000004674799100,terminal,0.8,29,0.077,"Получил 140000 KZT, исходящих связей=0, depth=2"
100000005834479100,peripheral,0.5,32,0.031,"Входов=1, выходов=2, PageRank=0.000288"
100000003278020100,terminal,0.8,29,0.051,"Получил 190000 KZT, исходящих связей=0, depth=2"
100000000831684100,coordinator,0.95,3,0.273,"PageRank=0.001920 >= q95=0.000979; in=1, out=1"
100000000307908100,terminal,0.8,12,0.048,"Получил 5000 KZT, исходящих связей=0, depth=2"
100000001782980100,peripheral,0.5,50,0.039,"Входов=1, выходов=1, PageRank=0.000372"
100000002454724100,terminal,0.8,8,0.049,"Получил 125000 KZT, исходящих связей=0, depth=2"
100000005904580100,terminal,0.8,32,0.072,"Получил 72000 KZT, исходящих связей=0, depth=2"
100000008474308100,peripheral,0.5,29,0.038,"Входов=1, выходов=1, PageRank=0.000447"
100000000795033100,terminal,0.8,29,0.061,"Получил 18200 KZT, исходящих связей=0, depth=2"
100000000861294100,terminal,0.8,51,0.05,"Получил 150000 KZT, исходящих связей=0, depth=2"
100000006557763100,terminal,0.8,27,0.051,"Получил 10000 KZT, исходящих связей=0, depth=2"
100000005608515100,terminal,0.8,24,0.048,"Получил 64000 KZT, исходящих связей=0, depth=2"
100000003922499100,terminal,0.8,3,0.062,"Получил 50000 KZT, исходящих связей=0, depth=2"
100000008603629100,coordinator,0.95,32,0.579,"PageRank=0.001197 >= q95=0.000979; in=19, out=61"
100000004825069100,terminal,0.8,1,0.048,"Получил 30000 KZT, исходящих связей=0, depth=2"
100000004331458100,terminal,0.8,40,0.119,"Получил 250000 KZT, исходящих связей=0, depth=2"
100000002911170100,terminal,0.8,8,0.052,"Получил 300000 KZT, исходящих связей=0, depth=2"
100000008011159100,consolidator,0.8,46,0.172,in_deg=3 >= 3; in_kzt=363000 KZT
100000003854444100,distributor,0.84,37,0.163,out_deg=14 >= 10; out_kzt=2322909 KZT
100000008547948100,distributor,0.96,48,0.257,out_deg=26 >= 10; out_kzt=5185600 KZT
100000005175148100,peripheral,0.5,16,0.065,"Входов=2, выходов=1, PageRank=0.000722"
100000002087788100,terminal,0.8,11,0.069,"Получил 100500 KZT, исходящих связей=0, depth=2"
100000004150593100,distributor,0.81,16,0.135,out_deg=11 >= 10; out_kzt=871165 KZT
100000001597505100,peripheral,0.5,13,0.031,"Входов=1, выходов=1, PageRank=0.000316"
100000007629121100,terminal,0.8,27,0.054,"Получил 29000 KZT, исходящих связей=0, depth=2"
100000005614315100,terminal,0.8,16,0.067,"Получил 455000 KZT, исходящих связей=0, depth=2"
100000008324800100,coordinator,0.95,11,0.3,"PageRank=0.001877 >= q95=0.000979; in=3, out=1"
100000005030592100,terminal,0.8,10,0.047,"Получил 10000 KZT, исходящих связей=0, depth=2"
100000001633685100,consolidator,0.8,29,0.149,in_deg=3 >= 3; in_kzt=45000 KZT
100000001848426100,terminal,0.8,51,0.049,"Получил 95530 KZT, исходящих связей=0, depth=2"
100000004580202100,peripheral,0.5,41,0.035,"Входов=1, выходов=3, PageRank=0.000323"
100000008717375100,terminal,0.8,27,0.048,"Получил 29506 KZT, исходящих связей=0, depth=2"
100000007861311100,terminal,0.8,24,0.052,"Получил 45000 KZT, исходящих связей=0, depth=2"
100000005578559100,distributor,0.91,57,0.168,out_deg=21 >= 10; out_kzt=893164 KZT
100000008764436100,terminal,0.8,1,0.047,"Получил 13100 KZT, исходящих связей=0, depth=2"
100000000190228100,peripheral,0.5,24,0.046,"Входов=1, выходов=1, PageRank=0.000585"
100000003971049100,terminal,0.8,29,0.048,"Получил 55900 KZT, исходящих связей=0, depth=2"
100000008743913100,distributor,0.83,30,0.17,out_deg=13 >= 10; out_kzt=1850600 KZT
100000004400361100,terminal,0.8,16,0.047,"Получил 10000 KZT, исходящих связей=0, depth=2"
100000002175422100,consolidator,0.8,59,0.205,in_deg=3 >= 3; in_kzt=68500 KZT
100000004544958100,coordinator,0.95,49,0.236,"PageRank=0.001221 >= q95=0.000979; in=1, out=2"
100000008466579100,distributor,0.87,48,0.167,out_deg=17 >= 10; out_kzt=1933000 KZT
100000001184915100,terminal,0.8,10,0.052,"Получил 201000 KZT, исходящих связей=0, depth=2"
100000004435304100,terminal,0.8,1,0.048,"Получил 26200 KZT, исходящих связей=0, depth=2"
100000008762728100,terminal,0.8,10,0.049,"Получил 17026 KZT, исходящих связей=0, depth=2"
100000004285800100,peripheral,0.5,29,0.032,"Входов=1, выходов=1, PageRank=0.000346"
100000008557672100,terminal,0.8,1,0.048,"Получил 49125 KZT, исходящих связей=0, depth=2"
100000005142589100,terminal,0.8,29,0.049,"Получил 50000 KZT, исходящих связей=0, depth=2"
100000003747133100,consolidator,0.867,0,0.181,in_deg=5 >= 3; in_kzt=237068 KZT
100000003289405100,terminal,0.8,27,0.053,"Получил 355000 KZT, исходящих связей=0, depth=2"
100000002691858100,terminal,0.8,13,0.051,"Получил 51500 KZT, исходящих связей=0, depth=2"
100000007534354100,peripheral,0.5,57,0.035,"Входов=1, выходов=3, PageRank=0.000305"
100000000765628100,terminal,0.8,16,0.049,"Получил 5000 KZT, исходящих связей=0, depth=2"
100000004962193100,consolidator,0.967,29,0.229,in_deg=8 >= 3; in_kzt=900468 KZT
100000005032294100,terminal,0.8,39,0.053,"Получил 10000 KZT, исходящих связей=0, depth=2"
100000001251686100,terminal,0.8,29,0.048,"Получил 18000 KZT, исходящих связей=0, depth=2"
100000002398779100,coordinator,0.95,29,0.389,"PageRank=0.001607 >= q95=0.000979; in=13, out=1"
100000008512827100,distributor,0.8,44,0.165,out_deg=10 >= 10; out_kzt=1944500 KZT
100000003943483100,terminal,0.8,3,0.05,"Получил 10000 KZT, исходящих связей=0, depth=2"
100000005031696100,peripheral,0.5,42,0.046,"Входов=1, выходов=2, PageRank=0.000542"
100000002703376100,terminal,0.8,29,0.048,"Получил 46501 KZT, исходящих связей=0, depth=2"
100000003617552100,terminal,0.8,50,0.062,"Получил 25000 KZT, исходящих связей=0, depth=2"
100000007617808100,terminal,0.8,16,0.055,"Получил 450000 KZT, исходящих связей=0, depth=2"
100000002613776100,terminal,0.8,29,0.048,"Получил 30000 KZT, исходящих связей=0, depth=2"
100000002578405100,distributor,1.0,31,0.37,out_deg=116 >= 10; out_kzt=3108352 KZT
100000006161893100,terminal,0.8,16,0.061,"Получил 14000 KZT, исходящих связей=0, depth=2"
100000002633701100,terminal,0.8,24,0.051,"Получил 266850 KZT, исходящих связей=0, depth=2"
100000002432143100,terminal,0.8,29,0.05,"Получил 81310 KZT, исходящих связей=0, depth=2"
100000000490383100,consolidator,0.8,16,0.181,in_deg=3 >= 3; in_kzt=62600 KZT
100000005809252100,terminal,0.8,11,0.063,"Получил 25000 KZT, исходящих связей=0, depth=2"
100000006612238100,peripheral,0.5,1,0.033,"Входов=1, выходов=1, PageRank=0.000341"
100000002593038100,terminal,0.8,32,0.069,"Получил 28500 KZT, исходящих связей=0, depth=2"
100000002947299100,terminal,0.8,29,0.051,"Получил 85000 KZT, исходящих связей=0, depth=2"
100000004336312100,consolidator,0.8,64,0.176,in_deg=3 >= 3; in_kzt=90415 KZT
100000001308856100,terminal,0.8,1,0.048,"Получил 27000 KZT, исходящих связей=0, depth=2"
100000008238989100,terminal,0.8,41,0.051,"Получил 200000 KZT, исходящих связей=0, depth=2"
100000005561741100,terminal,0.8,57,0.05,"Получил 25000 KZT, исходящих связей=0, depth=2"
100000006248077100,terminal,0.8,16,0.048,"Получил 50000 KZT, исходящих связей=0, depth=2"
100000000646541100,consolidator,0.8,29,0.161,in_deg=3 >= 3; in_kzt=25300 KZT
100000006595426100,terminal,0.8,29,0.05,"Получил 84800 KZT, исходящих связей=0, depth=2"
100000002956898100,terminal,0.8,10,0.065,"Получил 290240 KZT, исходящих связей=0, depth=2"
100000001262647100,terminal,0.8,10,0.048,"Получил 23650 KZT, исходящих связей=0, depth=2"
100000005849100100,terminal,0.8,27,0.059,"Получил 33300 KZT, исходящих связей=0, depth=2"
100000000533217100,terminal,0.8,29,0.069,"Получил 53587 KZT, исходящих связей=0, depth=2"
100000002812641100,coordinator,0.95,24,0.283,"PageRank=0.002099 >= q95=0.000979; in=1, out=1"
100000008647905100,peripheral,0.5,37,0.036,"Входов=1, выходов=2, PageRank=0.000330"
100000002842337100,terminal,0.8,24,0.052,"Получил 50000 KZT, исходящих связей=0, depth=2"
100000002445750100,peripheral,0.5,29,0.044,"Входов=1, выходов=1, PageRank=0.000540"
100000005619339100,transit,0.911,16,0.081,"Получил 5000 KZT, отправил 5443 KZT, pass=1.09"
100000006844768100,coordinator,0.95,29,0.247,"PageRank=0.001380 >= q95=0.000979; in=1, out=2"
100000002488629100,terminal,0.8,51,0.048,"Получил 73050 KZT, исходящих связей=0, depth=2"
100000002796853100,coordinator,0.95,25,0.288,"PageRank=0.002150 >= q95=0.000979; in=1, out=1"
100000006755850100,terminal,0.8,11,0.072,"Получил 443476 KZT, исходящих связей=0, depth=2"
100000008733194100,consolidator,0.833,38,0.186,in_deg=4 >= 3; in_kzt=251424 KZT
100000001904863100,terminal,0.8,39,0.062,"Получил 500000 KZT, исходящих связей=0, depth=2"
100000001641951100,terminal,0.8,32,0.049,"Получил 25000 KZT, исходящих связей=0, depth=2"
100000004816564100,peripheral,0.5,10,0.036,"Входов=1, выходов=1, PageRank=0.000378"
100000002205022100,peripheral,0.5,21,0.051,"Входов=1, выходов=3, PageRank=0.000548"
100000002267998100,coordinator,0.95,41,0.281,"PageRank=0.001596 >= q95=0.000979; in=2, out=3"
100000002199091100,terminal,0.8,1,0.049,"Получил 65000 KZT, исходящих связей=0, depth=2"
100000008571443100,terminal,0.8,38,0.06,"Получил 65000 KZT, исходящих связей=0, depth=2"
100000002742067100,terminal,0.8,10,0.047,"Получил 12730 KZT, исходящих связей=0, depth=2"
100000003292979100,terminal,0.8,27,0.05,"Получил 48950 KZT, исходящих связей=0, depth=2"
100000002558173100,terminal,0.8,13,0.048,"Получил 9300 KZT, исходящих связей=0, depth=2"
100000004687282100,terminal,0.8,16,0.05,"Получил 20000 KZT, исходящих связей=0, depth=2"
100000003034546100,terminal,0.8,24,0.054,"Получил 486715 KZT, исходящих связей=0, depth=2"
100000003798151100,terminal,0.8,16,0.067,"Получил 350000 KZT, исходящих связей=0, depth=2"
100000008710791100,distributor,0.93,48,0.218,out_deg=23 >= 10; out_kzt=5521511 KZT
100000008688476100,terminal,0.8,1,0.048,"Получил 24000 KZT, исходящих связей=0, depth=2"
100000003242289100,distributor,0.93,36,0.201,out_deg=23 >= 10; out_kzt=2377741 KZT
100000006564102100,terminal,0.8,29,0.057,"Получил 233235 KZT, исходящих связей=0, depth=2"
100000001526235100,consolidator,0.8,45,0.2,in_deg=3 >= 3; in_kzt=82000 KZT
100000004398811100,peripheral,0.5,27,0.048,"Входов=1, выходов=3, PageRank=0.000351"
100000002957787100,distributor,1.0,29,0.227,out_deg=34 >= 10; out_kzt=1276154 KZT
100000002621915100,terminal,0.8,16,0.061,"Получил 5000 KZT, исходящих связей=0, depth=2"
100000008283183100,terminal,0.8,1,0.048,"Получил 29000 KZT, исходящих связей=0, depth=2"
100000003843844100,peripheral,0.5,38,0.031,"Входов=1, выходов=1, PageRank=0.000293"
100000000954884100,terminal,0.8,34,0.049,"Получил 34000 KZT, исходящих связей=0, depth=3"
100000005893892100,terminal,0.8,11,0.048,"Получил 102780 KZT, исходящих связей=0, depth=3"
100000001819396100,terminal,0.8,61,0.051,"Получил 166080 KZT, исходящих связей=0, depth=3"
100000008472324100,terminal,0.8,11,0.049,"Получил 205200 KZT, исходящих связей=0, depth=3"
100000002646745100,terminal,0.8,31,0.047,"Получил 12300 KZT, исходящих связей=0, depth=3"
100000008405209100,terminal,0.8,36,0.048,"Получил 54400 KZT, исходящих связей=0, depth=3"
100000004417753100,terminal,0.8,27,0.065,"Получил 192099 KZT, исходящих связей=0, depth=3"
100000003457710100,peripheral,0.5,11,0.043,"Входов=1, выходов=1, PageRank=0.000297"
100000007333038100,peripheral,0.5,44,0.032,"Входов=1, выходов=2, PageRank=0.000301"
100000006444163100,terminal,0.8,29,0.049,"Получил 6026 KZT, исходящих связей=0, depth=3"
100000008706947100,terminal,0.8,31,0.047,"Получил 17200 KZT, исходящих связей=0, depth=3"
100000008761219100,peripheral,0.5,30,0.045,"Входов=2, выходов=2, PageRank=0.000294"
100000005022552100,peripheral,0.5,16,0.035,"Входов=1, выходов=1, PageRank=0.000359"
100000008735832100,terminal,0.8,31,0.047,"Получил 17600 KZT, исходящих связей=0, depth=3"
100000005661528100,terminal,0.8,32,0.047,"Получил 25000 KZT, исходящих связей=0, depth=3"
100000002529880100,terminal,0.8,48,0.06,"Получил 147000 KZT, исходящих связей=0, depth=3"
100000001969496100,terminal,0.8,39,0.047,"Получил 22740 KZT, исходящих связей=0, depth=3"
100000003215448100,peripheral,0.5,32,0.033,"Входов=1, выходов=2, PageRank=0.000306"
100000006894637100,terminal,0.8,29,0.048,"Получил 52831 KZT, исходящих связей=0, depth=3"
100000002936322100,terminal,0.8,32,0.069,"Получил 787133 KZT, исходящих связей=0, depth=3"
100000005061890100,terminal,0.8,27,0.062,"Получил 90000 KZT, исходящих связей=0, depth=3"
100000004017410100,coordinator,0.95,64,0.258,"PageRank=0.001136 >= q95=0.000979; in=2, out=5"
100000002983426100,terminal,0.8,57,0.05,"Получил 88945 KZT, исходящих связей=0, depth=3"
100000005530114100,peripheral,0.5,36,0.052,"Входов=2, выходов=1, PageRank=0.000497"
100000001169666100,peripheral,0.5,57,0.033,"Входов=1, выходов=1, PageRank=0.000321"
100000001784279100,terminal,0.8,29,0.047,"Получил 35674 KZT, исходящих связей=0, depth=3"
100000008744364100,terminal,0.8,31,0.047,"Получил 23700 KZT, исходящих связей=0, depth=3"
100000008714412100,terminal,0.8,57,0.05,"Получил 169000 KZT, исходящих связей=0, depth=3"
100000007754369100,terminal,0.8,29,0.048,"Получил 82424 KZT, исходящих связей=0, depth=3"
100000003122817100,terminal,0.8,61,0.057,"Получил 444680 KZT, исходящих связей=0, depth=3"
100000003711830100,terminal,0.8,32,0.048,"Получил 50000 KZT, исходящих связей=0, depth=3"
100000001110358100,terminal,0.8,29,0.058,"Получил 32000 KZT, исходящих связей=0, depth=3"
100000006530134100,terminal,0.8,11,0.059,"Получил 144663 KZT, исходящих связей=0, depth=3"
100000001639766100,terminal,0.8,51,0.068,"Получил 20000 KZT, исходящих связей=0, depth=3"
100000003242795100,terminal,0.8,11,0.048,"Получил 111000 KZT, исходящих связей=0, depth=3"
100000004970752100,terminal,0.8,29,0.073,"Получил 10000 KZT, исходящих связей=0, depth=3"
100000004564736100,terminal,0.8,41,0.052,"Получил 15000 KZT, исходящих связей=0, depth=3"
100000005873152100,transit,1.0,49,0.089,"Получил 10000 KZT, отправил 10000 KZT, pass=1.00"
100000001637376100,peripheral,0.5,11,0.032,"Входов=1, выходов=1, PageRank=0.000291"
100000006710485100,terminal,0.8,31,0.047,"Получил 20000 KZT, исходящих связей=0, depth=3"
100000003582677100,peripheral,0.5,29,0.045,"Входов=2, выходов=4, PageRank=0.000295"
100000008713685100,terminal,0.8,31,0.048,"Получил 49700 KZT, исходящих связей=0, depth=3"
100000008070101100,terminal,0.8,48,0.048,"Получил 100000 KZT, исходящих связей=0, depth=3"
100000004475818100,peripheral,0.5,11,0.034,"Входов=1, выходов=3, PageRank=0.000311"
100000007197866100,peripheral,0.5,32,0.029,"Входов=1, выходов=1, PageRank=0.000291"
100000006965162100,terminal,0.8,64,0.048,"Получил 10000 KZT, исходящих связей=0, depth=3"
100000005995391100,terminal,0.8,31,0.047,"Получил 17200 KZT, исходящих связей=0, depth=3"
100000003834495100,consolidator,0.8,29,0.174,in_deg=3 >= 3; in_kzt=602441 KZT
100000001223977100,peripheral,0.5,42,0.03,"Входов=1, выходов=1, PageRank=0.000307"
100000001046057100,terminal,0.8,48,0.05,"Получил 83420 KZT, исходящих связей=0, depth=3"
100000002989353100,peripheral,0.5,44,0.039,"Входов=1, выходов=2, PageRank=0.000311"
100000006714366100,peripheral,0.5,38,0.029,"Входов=1, выходов=1, PageRank=0.000291"
100000001063678100,peripheral,0.5,41,0.034,"Входов=1, выходов=2, PageRank=0.000329"
100000004889043100,terminal,0.8,29,0.06,"Получил 272000 KZT, исходящих связей=0, depth=3"
100000002984403100,peripheral,0.5,45,0.031,"Входов=1, выходов=1, PageRank=0.000322"
100000003951827100,peripheral,0.5,29,0.031,"Входов=1, выходов=2, PageRank=0.000287"
100000000933075100,peripheral,0.5,32,0.061,"Входов=1, выходов=2, PageRank=0.000812"
100000008502995100,terminal,0.8,29,0.073,"Получил 25000 KZT, исходящих связей=0, depth=3"
100000008086440100,transit,0.808,32,0.092,"Получил 199733 KZT, отправил 161300 KZT, pass=0.81"
100000008465789100,distributor,0.86,48,0.15,out_deg=16 >= 10; out_kzt=1858100 KZT
100000002550141100,terminal,0.8,32,0.049,"Получил 100586 KZT, исходящих связей=0, depth=3"
100000008739887100,peripheral,0.5,32,0.048,"Входов=2, выходов=2, PageRank=0.000335"
100000008532050100,terminal,0.8,11,0.052,"Получил 455156 KZT, исходящих связей=0, depth=3"
100000008422226100,terminal,0.8,29,0.048,"Получил 87450 KZT, исходящих связей=0, depth=3"
100000002369874100,consolidator,0.833,48,0.166,in_deg=4 >= 3; in_kzt=600000 KZT
100000003321895100,peripheral,0.5,26,0.037,"Входов=1, выходов=2, PageRank=0.000313"
100000001875239100,consolidator,0.8,48,0.156,in_deg=3 >= 3; in_kzt=712000 KZT
100000002216999100,terminal,0.8,31,0.047,"Получил 23677 KZT, исходящих связей=0, depth=3"
100000002653948100,terminal,0.8,11,0.048,"Получил 85200 KZT, исходящих связей=0, depth=3"
100000008632060100,peripheral,0.5,29,0.045,"Входов=1, выходов=9, PageRank=0.000289"
100000008746449100,distributor,0.8,48,0.133,out_deg=10 >= 10; out_kzt=1009000 KZT
100000003031761100,terminal,0.8,32,0.053,"Получил 460408 KZT, исходящих связей=0, depth=3"
100000008388049100,terminal,0.8,44,0.052,"Получил 496400 KZT, исходящих связей=0, depth=3"
100000002677201100,peripheral,0.5,48,0.032,"Входов=1, выходов=1, PageRank=0.000310"
100000002901457100,peripheral,0.5,29,0.041,"Входов=1, выходов=3, PageRank=0.000376"
100000001160401100,terminal,0.8,29,0.048,"Получил 47190 KZT, исходящих связей=0, depth=3"
100000002842321100,terminal,0.8,11,0.049,"Получил 160000 KZT, исходящих связей=0, depth=3"
100000002547110100,consolidator,0.9,48,0.207,in_deg=6 >= 3; in_kzt=1500000 KZT
100000001600934100,coordinator,0.95,32,0.303,"PageRank=0.002422 >= q95=0.000979; in=1, out=1"
100000002818726100,terminal,0.8,38,0.047,"Получил 10879 KZT, исходящих связей=0, depth=3"
100000008712827100,terminal,0.8,31,0.048,"Получил 76000 KZT, исходящих связей=0, depth=3"
100000008259451100,terminal,0.8,39,0.048,"Получил 55000 KZT, исходящих связей=0, depth=3"
100000003060517100,terminal,0.8,36,0.054,"Получил 315955 KZT, исходящих связей=0, depth=3"
100000002621434100,terminal,0.8,48,0.048,"Получил 81000 KZT, исходящих связей=0, depth=3"
100000001860090100,terminal,0.8,51,0.052,"Получил 5000 KZT, исходящих связей=0, depth=3"
100000004689658100,peripheral,0.5,32,0.038,"Входов=1, выходов=1, PageRank=0.000388"
100000003486970100,terminal,0.8,11,0.048,"Получил 150000 KZT, исходящих связей=0, depth=3"
100000004659919100,peripheral,0.5,42,0.055,"Входов=1, выходов=1, PageRank=0.000728"
100000006111439100,consolidator,0.8,11,0.16,in_deg=3 >= 3; in_kzt=20570 KZT
100000002521039100,terminal,0.8,29,0.051,"Получил 349370 KZT, исходящих связей=0, depth=3"
100000008493007100,transit,1.0,31,0.079,"Получил 26150 KZT, отправил 26150 KZT, pass=1.00"
100000007793871100,terminal,0.8,57,0.07,"Получил 26000 KZT, исходящих связей=0, depth=3"
100000001650895100,peripheral,0.5,57,0.031,"Входов=1, выходов=1, PageRank=0.000311"
100000002567887100,terminal,0.8,11,0.047,"Получил 50915 KZT, исходящих связей=0, depth=3"
100000008055972100,terminal,0.8,31,0.047,"Получил 28300 KZT, исходящих связей=0, depth=3"
100000008684452100,terminal,0.8,31,0.048,"Получил 51800 KZT, исходящих связей=0, depth=3"
100000000764836100,peripheral,0.5,32,0.036,"Входов=1, выходов=2, PageRank=0.000338"
100000003072676100,terminal,0.8,36,0.048,"Получил 31545 KZT, исходящих связей=0, depth=3"
100000008757369100,peripheral,0.5,29,0.029,"Входов=1, выходов=1, PageRank=0.000289"
100000007618425100,terminal,0.8,36,0.048,"Получил 39348 KZT, исходящих связей=0, depth=3"
100000004671609100,terminal,0.8,44,0.049,"Получил 100000 KZT, исходящих связей=0, depth=3"
100000004676985100,transit,0.84,29,0.079,"Получил 32260 KZT, отправил 27102 KZT, pass=0.84"
100000002531406100,transit,0.962,32,0.089,"Получил 520000 KZT, отправил 500000 KZT, pass=0.96"
100000002877262100,terminal,0.8,48,0.049,"Получил 100000 KZT, исходящих связей=0, depth=3"
100000007591246100,peripheral,0.5,38,0.03,"Входов=1, выходов=1, PageRank=0.000299"
100000008712184100,terminal,0.8,31,0.047,"Получил 18000 KZT, исходящих связей=0, depth=3"
100000002975437100,peripheral,0.5,59,0.047,"Входов=1, выходов=1, PageRank=0.000523"
100000005008589100,terminal,0.8,29,0.048,"Получил 42807 KZT, исходящих связей=0, depth=3"
100000000782285100,terminal,0.8,29,0.049,"Получил 6151 KZT, исходящих связей=0, depth=3"
100000005198498100,terminal,0.8,31,0.047,"Получил 28800 KZT, исходящих связей=0, depth=3"
100000008517538100,distributor,0.87,48,0.172,out_deg=17 >= 10; out_kzt=1439000 KZT
100000005756535100,terminal,0.8,1,0.062,"Получил 20000 KZT, исходящих связей=0, depth=3"
100000004917367100,terminal,0.8,11,0.059,"Получил 120000 KZT, исходящих связей=0, depth=3"
100000001222263100,peripheral,0.5,11,0.04,"Входов=1, выходов=1, PageRank=0.000311"
100000001149815100,terminal,0.8,31,0.047,"Получил 12000 KZT, исходящих связей=0, depth=3"
100000006020215100,transit,0.873,38,0.082,"Получил 30000 KZT, отправил 33800 KZT, pass=1.13"
100000000673868100,coordinator,0.95,8,0.257,"PageRank=0.001178 >= q95=0.000979; in=1, out=5"
100000008749900100,terminal,0.8,31,0.047,"Получил 17150 KZT, исходящих связей=0, depth=3"
100000002862113100,terminal,0.8,39,0.048,"Получил 47405 KZT, исходящих связей=0, depth=3"
100000001066017100,peripheral,0.5,29,0.047,"Входов=2, выходов=4, PageRank=0.000303"
100000008436257100,terminal,0.8,36,0.058,"Получил 35000 KZT, исходящих связей=0, depth=3"
100000003016438100,peripheral,0.5,48,0.035,"Входов=1, выходов=1, PageRank=0.000318"
100000002534091100,terminal,0.8,27,0.048,"Получил 22200 KZT, исходящих связей=0, depth=3"
100000006882208100,terminal,0.8,16,0.068,"Получил 18000 KZT, исходящих связей=0, depth=3"
100000005362848100,terminal,0.8,57,0.048,"Получил 29000 KZT, исходящих связей=0, depth=3"
100000001073568100,peripheral,0.5,39,0.05,"Входов=1, выходов=2, PageRank=0.000488"
100000008687733100,terminal,0.8,31,0.047,"Получил 14650 KZT, исходящих связей=0, depth=3"
100000007229557100,consolidator,0.8,30,0.161,in_deg=3 >= 3; in_kzt=878000 KZT
100000001052789100,terminal,0.8,37,0.048,"Получил 70975 KZT, исходящих связей=0, depth=3"
100000006967370100,peripheral,0.5,36,0.029,"Входов=1, выходов=1, PageRank=0.000295"
100000001837130100,terminal,0.8,29,0.049,"Получил 172900 KZT, исходящих связей=0, depth=3"
100000005820746100,coordinator,0.95,28,0.236,"PageRank=0.000994 >= q95=0.000979; in=1, out=1"
100000002883402100,consolidator,0.8,48,0.151,in_deg=3 >= 3; in_kzt=300000 KZT
100000008582730100,transit,1.0,37,0.114,"Получил 5000 KZT, отправил 5000 KZT, pass=1.00"
100000003116106100,terminal,0.8,11,0.052,"Получил 494050 KZT, исходящих связей=0, depth=3"
100000001818442100,terminal,0.8,57,0.048,"Получил 42215 KZT, исходящих связей=0, depth=3"
100000008690762100,terminal,0.8,31,0.047,"Получил 26750 KZT, исходящих связей=0, depth=3"
100000008712991100,terminal,0.8,31,0.048,"Получил 66100 KZT, исходящих связей=0, depth=3"
100000003292191100,terminal,0.8,30,0.049,"Получил 112000 KZT, исходящих связей=0, depth=3"
100000005367284100,peripheral,0.5,29,0.031,"Входов=1, выходов=2, PageRank=0.000290"
100000003216073100,peripheral,0.5,32,0.03,"Входов=1, выходов=1, PageRank=0.000289"
100000006169033100,peripheral,0.5,46,0.05,"Входов=1, выходов=3, PageRank=0.000420"
100000004407753100,peripheral,0.5,64,0.066,"Входов=1, выходов=1, PageRank=0.000883"
100000004420041100,peripheral,0.5,32,0.046,"Входов=1, выходов=7, PageRank=0.000301"
100000004715209100,peripheral,0.5,54,0.039,"Входов=1, выходов=5, PageRank=0.000289"
100000004580254100,terminal,0.8,36,0.059,"Получил 27940 KZT, исходящих связей=0, depth=3"
100000001056414100,terminal,0.8,44,0.05,"Получил 250000 KZT, исходящих связей=0, depth=3"
100000008686494100,terminal,0.8,31,0.047,"Получил 15700 KZT, исходящих связей=0, depth=3"
100000002822472100,terminal,0.8,44,0.061,"Получил 266722 KZT, исходящих связей=0, depth=3"
100000001831496100,peripheral,0.5,49,0.032,"Входов=1, выходов=1, PageRank=0.000294"
100000008732488100,peripheral,0.5,32,0.031,"Входов=1, выходов=1, PageRank=0.000315"
100000004007197100,terminal,0.8,35,0.047,"Получил 10048 KZT, исходящих связей=0, depth=3"
100000002815005100,terminal,0.8,48,0.053,"Получил 476500 KZT, исходящих связей=0, depth=3"
100000005756189100,peripheral,0.5,11,0.03,"Входов=1, выходов=1, PageRank=0.000289"
100000004877085100,peripheral,0.5,38,0.034,"Входов=1, выходов=3, PageRank=0.000296"
100000002713074100,peripheral,0.5,36,0.057,"Входов=2, выходов=1, PageRank=0.000436"
100000002356167100,peripheral,0.5,11,0.034,"Входов=1, выходов=2, PageRank=0.000297"
100000004140487100,distributor,0.8,29,0.127,out_deg=10 >= 10; out_kzt=262600 KZT
100000003147719100,terminal,0.8,48,0.048,"Получил 100000 KZT, исходящих связей=0, depth=3"
100000008745884100,terminal,0.8,31,0.047,"Получил 20000 KZT, исходящих связей=0, depth=3"
100000002559089100,terminal,0.8,44,0.069,"Получил 715000 KZT, исходящих связей=0, depth=3"
100000004984689100,terminal,0.8,32,0.048,"Получил 53030 KZT, исходящих связей=0, depth=3"
100000004340038100,peripheral,0.5,38,0.029,"Входов=1, выходов=1, PageRank=0.000291"
100000005052998100,peripheral,0.5,29,0.029,"Входов=1, выходов=1, PageRank=0.000287"
100000007597382100,terminal,0.8,11,0.047,"Получил 15700 KZT, исходящих связей=0, depth=3"
100000008697670100,terminal,0.8,31,0.047,"Получил 25350 KZT, исходящих связей=0, depth=3"
100000008460102100,distributor,1.0,57,0.165,out_deg=31 >= 10; out_kzt=476570 KZT
100000004399686100,terminal,0.8,28,0.07,"Получил 806000 KZT, исходящих связей=0, depth=3"
100000008688155100,terminal,0.8,31,0.047,"Получил 23600 KZT, исходящих связей=0, depth=3"
100000004386331100,transit,0.875,3,0.094,"Получил 20000 KZT, отправил 17500 KZT, pass=0.88"
100000007999728100,terminal,0.8,39,0.047,"Получил 23250 KZT, исходящих связей=0, depth=3"
100000001597424100,terminal,0.8,39,0.048,"Получил 48100 KZT, исходящих связей=0, depth=3"
100000003677936100,peripheral,0.5,24,0.031,"Входов=1, выходов=1, PageRank=0.000310"
100000002943472100,terminal,0.8,48,0.05,"Получил 170000 KZT, исходящих связей=0, depth=3"
100000004892144100,coordinator,0.95,28,0.374,"PageRank=0.002827 >= q95=0.000979; in=2, out=1"
100000008077552100,terminal,0.8,32,0.051,"Получил 214000 KZT, исходящих связей=0, depth=3"
100000002914245100,terminal,0.8,32,0.049,"Получил 140611 KZT, исходящих связей=0, depth=3"
100000004906181100,peripheral,0.5,53,0.061,"Входов=1, выходов=7, PageRank=0.000290"
100000008514970100,peripheral,0.5,32,0.034,"Входов=1, выходов=1, PageRank=0.000314"
100000008258458100,peripheral,0.5,33,0.044,"Входов=1, выходов=2, PageRank=0.000293"
100000003484058100,peripheral,0.5,39,0.031,"Входов=1, выходов=1, PageRank=0.000318"
100000003574895100,peripheral,0.5,29,0.029,"Входов=1, выходов=1, PageRank=0.000288"
100000000896111100,terminal,0.8,28,0.055,"Получил 287100 KZT, исходящих связей=0, depth=3"
100000008715887100,terminal,0.8,31,0.047,"Получил 18000 KZT, исходящих связей=0, depth=3"
100000000560751100,terminal,0.8,38,0.063,"Получил 25000 KZT, исходящих связей=0, depth=3"
100000008708207100,terminal,0.8,48,0.065,"Получил 465000 KZT, исходящих связей=0, depth=3"
100000003152964100,peripheral,0.5,32,0.032,"Входов=1, выходов=1, PageRank=0.000316"
100000004991812100,terminal,0.8,41,0.051,"Получил 10000 KZT, исходящих связей=0, depth=3"
100000000291908100,peripheral,0.5,43,0.056,"Входов=1, выходов=1, PageRank=0.000710"
100000003132484100,terminal,0.8,24,0.062,"Получил 90000 KZT, исходящих связей=0, depth=3"
100000004077081100,peripheral,0.5,29,0.04,"Входов=1, выходов=4, PageRank=0.000291"
100000004770073100,transit,0.999,29,0.079,"Получил 5462 KZT, отправил 5467 KZT, pass=1.00"
100000003163886100,terminal,0.8,21,0.077,"Получил 500000 KZT, исходящих связей=0, depth=3"
100000000795374100,terminal,0.8,32,0.048,"Получил 50000 KZT, исходящих связей=0, depth=3"
100000002391278100,peripheral,0.5,51,0.036,"Входов=1, выходов=1, PageRank=0.000395"
100000004635886100,terminal,0.8,16,0.048,"Получил 23000 KZT, исходящих связей=0, depth=3"
100000000413678100,peripheral,0.5,32,0.05,"Входов=2, выходов=3, PageRank=0.000302"
100000008659950100,terminal,0.8,48,0.051,"Получил 246000 KZT, исходящих связей=0, depth=3"
100000003964910100,terminal,0.8,36,0.079,"Получил 1000000 KZT, исходящих связей=0, depth=3"
100000008764654100,terminal,0.8,31,0.047,"Получил 26150 KZT, исходящих связей=0, depth=3"
100000005830339100,consolidator,0.867,27,0.182,in_deg=5 >= 3; in_kzt=476341 KZT
100000002032323100,peripheral,0.5,48,0.047,"Входов=1, выходов=1, PageRank=0.000406"
100000008668099100,terminal,0.8,31,0.047,"Получил 15700 KZT, исходящих связей=0, depth=3"
100000008634520100,terminal,0.8,48,0.048,"Получил 90000 KZT, исходящих связей=0, depth=3"
100000002103448100,terminal,0.8,31,0.047,"Получил 27000 KZT, исходящих связей=0, depth=3"
100000005996909100,terminal,0.8,16,0.049,"Получил 5500 KZT, исходящих связей=0, depth=3"
100000007392365100,peripheral,0.5,63,0.052,"Входов=1, выходов=6, PageRank=0.000287"
100000008279405100,terminal,0.8,32,0.052,"Получил 234738 KZT, исходящих связей=0, depth=3"
100000008343874100,peripheral,0.5,32,0.046,"Входов=2, выходов=2, PageRank=0.000309"
100000002548759100,terminal,0.8,48,0.062,"Получил 375000 KZT, исходящих связей=0, depth=3"
100000003069463100,peripheral,0.5,61,0.029,"Входов=1, выходов=1, PageRank=0.000290"
100000008474391100,terminal,0.8,41,0.054,"Получил 20000 KZT, исходящих связей=0, depth=3"
100000003097324100,terminal,0.8,30,0.062,"Получил 294000 KZT, исходящих связей=0, depth=3"
100000001852140100,terminal,0.8,14,0.077,"Получил 30000 KZT, исходящих связей=0, depth=3"
100000003293377100,terminal,0.8,11,0.047,"Получил 50000 KZT, исходящих связей=0, depth=3"
100000006048193100,terminal,0.8,29,0.048,"Получил 41559 KZT, исходящих связей=0, depth=3"
100000002435265100,terminal,0.8,29,0.048,"Получил 132628 KZT, исходящих связей=0, depth=3"
100000004587414100,terminal,0.8,11,0.063,"Получил 533603 KZT, исходящих связей=0, depth=3"
100000001726614100,terminal,0.8,29,0.049,"Получил 138717 KZT, исходящих связей=0, depth=3"
100000003934614100,peripheral,0.5,64,0.041,"Входов=2, выходов=1, PageRank=0.000315"
100000008772246100,terminal,0.8,31,0.048,"Получил 44500 KZT, исходящих связей=0, depth=3"
100000002603371100,terminal,0.8,29,0.047,"Получил 9300 KZT, исходящих связей=0, depth=3"
100000004445291100,terminal,0.8,45,0.049,"Получил 19500 KZT, исходящих связей=0, depth=3"
100000008571243100,terminal,0.8,57,0.049,"Получил 134000 KZT, исходящих связей=0, depth=3"
100000001138283100,peripheral,0.5,32,0.032,"Входов=1, выходов=2, PageRank=0.000304"
100000002593344100,terminal,0.8,48,0.065,"Получил 431000 KZT, исходящих связей=0, depth=3"
100000007390016100,coordinator,0.95,11,0.277,"PageRank=0.001870 >= q95=0.000979; in=1, out=1"
100000001285440100,terminal,0.8,30,0.061,"Получил 243000 KZT, исходящих связей=0, depth=3"
100000006746688100,terminal,0.8,31,0.048,"Получил 41000 KZT, исходящих связей=0, depth=3"
100000006471232100,terminal,0.8,31,0.048,"Получил 41800 KZT, исходящих связей=0, depth=3"
100000008662805100,terminal,0.8,31,0.047,"Получил 16500 KZT, исходящих связей=0, depth=3"
100000004292885100,terminal,0.8,31,0.049,"Получил 112700 KZT, исходящих связей=0, depth=3"
100000008190442100,terminal,0.8,31,0.047,"Получил 13000 KZT, исходящих связей=0, depth=3"
100000007131370100,transit,1.0,10,0.115,"Получил 30000 KZT, отправил 30000 KZT, pass=1.00"
100000008717802100,terminal,0.8,31,0.047,"Получил 26150 KZT, исходящих связей=0, depth=3"
100000005357034100,terminal,0.8,29,0.047,"Получил 9754 KZT, исходящих связей=0, depth=3"
100000005532138100,terminal,0.8,24,0.048,"Получил 25046 KZT, исходящих связей=0, depth=3"
100000005264874100,peripheral,0.5,58,0.04,"Входов=1, выходов=2, PageRank=0.000430"
100000008193258100,peripheral,0.5,36,0.03,"Входов=1, выходов=1, PageRank=0.000299"
100000003190207100,peripheral,0.5,15,0.033,"Входов=1, выходов=1, PageRank=0.000300"
100000004321983100,peripheral,0.5,51,0.033,"Входов=1, выходов=2, PageRank=0.000326"
100000002633108100,terminal,0.8,39,0.055,"Получил 320000 KZT, исходящих связей=0, depth=3"
100000005941908100,terminal,0.8,39,0.07,"Получил 10000 KZT, исходящих связей=0, depth=3"
100000001835625100,terminal,0.8,11,0.048,"Получил 75130 KZT, исходящих связей=0, depth=3"
100000008671081100,terminal,0.8,31,0.048,"Получил 37200 KZT, исходящих связей=0, depth=3"
100000002908521100,terminal,0.8,31,0.048,"Получил 44500 KZT, исходящих связей=0, depth=3"
100000000749118100,peripheral,0.5,29,0.029,"Входов=1, выходов=1, PageRank=0.000287"
100000008652094100,terminal,0.8,29,0.047,"Получил 35000 KZT, исходящих связей=0, depth=3"
100000007647294100,terminal,0.8,34,0.067,"Получил 385000 KZT, исходящих связей=0, depth=3"
100000003270419100,terminal,0.8,38,0.08,"Получил 150000 KZT, исходящих связей=0, depth=3"
100000003050771100,terminal,0.8,38,0.054,"Получил 229000 KZT, исходящих связей=0, depth=3"
100000008427027100,terminal,0.8,56,0.065,"Получил 300000 KZT, исходящих связей=0, depth=3"
100000004291560100,terminal,0.8,29,0.047,"Получил 47190 KZT, исходящих связей=0, depth=3"
100000003594472100,terminal,0.8,59,0.048,"Получил 20000 KZT, исходящих связей=0, depth=3"
100000002575080100,transit,0.962,10,0.094,"Получил 13000 KZT, отправил 12500 KZT, pass=0.96"
100000008038077100,terminal,0.8,11,0.052,"Получил 499850 KZT, исходящих связей=0, depth=3"
100000003899325100,terminal,0.8,32,0.048,"Получил 50120 KZT, исходящих связей=0, depth=3"
100000001155773100,terminal,0.8,31,0.047,"Получил 21500 KZT, исходящих связей=0, depth=3"
100000000611474100,terminal,0.8,41,0.065,"Получил 32000 KZT, исходящих связей=0, depth=3"
100000006704530100,transit,0.95,61,0.096,"Получил 450500 KZT, отправил 428000 KZT, pass=0.95"
100000003996562100,terminal,0.8,29,0.049,"Получил 7700 KZT, исходящих связей=0, depth=3"
100000002646887100,terminal,0.8,48,0.048,"Получил 24354 KZT, исходящих связей=0, depth=3"
100000002556775100,terminal,0.8,11,0.05,"Получил 300000 KZT, исходящих связей=0, depth=3"
100000002722108100,terminal,0.8,44,0.056,"Получил 800000 KZT, исходящих связей=0, depth=3"
100000002737980100,terminal,0.8,16,0.048,"Получил 32900 KZT, исходящих связей=0, depth=3"
100000002913340100,terminal,0.8,31,0.047,"Получил 23600 KZT, исходящих связей=0, depth=3"
100000003610172100,terminal,0.8,11,0.048,"Получил 70000 KZT, исходящих связей=0, depth=3"
100000001052945100,peripheral,0.5,66,0.047,"Входов=1, выходов=3, PageRank=0.000303"
100000002369510100,terminal,0.8,31,0.048,"Получил 37150 KZT, исходящих связей=0, depth=3"
100000001954534100,peripheral,0.5,29,0.034,"Входов=1, выходов=1, PageRank=0.000368"
100000008488166100,terminal,0.8,31,0.047,"Получил 5600 KZT, исходящих связей=0, depth=3"
100000005100475100,terminal,0.8,51,0.05,"Получил 40000 KZT, исходящих связей=0, depth=3"
100000002708624100,terminal,0.8,45,0.05,"Получил 25000 KZT, исходящих связей=0, depth=3"
100000004591973100,peripheral,0.5,3,0.036,"Входов=1, выходов=1, PageRank=0.000401"
100000000802149100,terminal,0.8,29,0.048,"Получил 104128 KZT, исходящих связей=0, depth=3"
100000003095610100,terminal,0.8,57,0.048,"Получил 23665 KZT, исходящих связей=0, depth=3"
100000004183610100,peripheral,0.5,38,0.04,"Входов=1, выходов=1, PageRank=0.000342"
100000005198906100,peripheral,0.5,11,0.031,"Входов=1, выходов=1, PageRank=0.000294"
100000008599354100,peripheral,0.5,29,0.033,"Входов=1, выходов=1, PageRank=0.000333"
100000001303311100,consolidator,0.867,30,0.192,in_deg=5 >= 3; in_kzt=1324000 KZT
100000008776420100,terminal,0.8,31,0.048,"Получил 69500 KZT, исходящих связей=0, depth=3"
100000004737764100,terminal,0.8,27,0.075,"Получил 600000 KZT, исходящих связей=0, depth=3"
100000003154105100,peripheral,0.5,47,0.058,"Входов=1, выходов=7, PageRank=0.000553"
100000008708025100,terminal,0.8,64,0.048,"Получил 10000 KZT, исходящих связей=0, depth=3"
100000008740793100,terminal,0.8,31,0.047,"Получил 21000 KZT, исходящих связей=0, depth=3"
100000008459449100,terminal,0.8,29,0.048,"Получил 53700 KZT, исходящих связей=0, depth=3"
100000008677518100,terminal,0.8,31,0.048,"Получил 48700 KZT, исходящих связей=0, depth=3"
100000002212494100,terminal,0.8,59,0.052,"Получил 160000 KZT, исходящих связей=0, depth=3"
100000001825934100,peripheral,0.5,58,0.041,"Входов=1, выходов=1, PageRank=0.000478"
100000003736419100,peripheral,0.5,29,0.029,"Входов=1, выходов=1, PageRank=0.000293"
100000008430691100,peripheral,0.5,26,0.037,"Входов=1, выходов=2, PageRank=0.000308"
100000003073635100,terminal,0.8,32,0.05,"Получил 129231 KZT, исходящих связей=0, depth=3"
100000001686328100,terminal,0.8,48,0.05,"Получил 140000 KZT, исходящих связей=0, depth=3"
100000008707810100,terminal,0.8,31,0.047,"Получил 26200 KZT, исходящих связей=0, depth=3"
100000001236706100,consolidator,0.8,29,0.18,in_deg=3 >= 3; in_kzt=142700 KZT
100000008536546100,terminal,0.8,30,0.061,"Получил 250000 KZT, исходящих связей=0, depth=3"
100000007140834100,terminal,0.8,51,0.072,"Получил 10200 KZT, исходящих связей=0, depth=3"
100000007022818100,terminal,0.8,31,0.047,"Получил 17200 KZT, исходящих связей=0, depth=3"
100000007484343100,terminal,0.8,29,0.058,"Получил 26757 KZT, исходящих связей=0, depth=3"
100000001379511100,terminal,0.8,48,0.049,"Получил 55000 KZT, исходящих связей=0, depth=3"
100000004569484100,peripheral,0.5,57,0.048,"Входов=2, выходов=4, PageRank=0.000321"
100000002948492100,terminal,0.8,39,0.047,"Получил 23660 KZT, исходящих связей=0, depth=3"
100000002116705100,terminal,0.8,31,0.047,"Получил 17600 KZT, исходящих связей=0, depth=3"
100000002481974100,peripheral,0.5,32,0.047,"Входов=2, выходов=2, PageRank=0.000333"
100000003920950100,terminal,0.8,24,0.056,"Получил 323290 KZT, исходящих связей=0, depth=3"
100000000733451100,peripheral,0.5,38,0.046,"Входов=1, выходов=1, PageRank=0.000544"
100000005182219100,terminal,0.8,11,0.062,"Получил 55000 KZT, исходящих связей=0, depth=3"
100000008633099100,peripheral,0.5,24,0.029,"Входов=1, выходов=1, PageRank=0.000293"
100000001380107100,terminal,0.8,21,0.047,"Получил 6000 KZT, исходящих связей=0, depth=3"
100000008755168100,terminal,0.8,31,0.047,"Получил 17600 KZT, исходящих связей=0, depth=3"
100000002628576100,peripheral,0.5,11,0.053,"Входов=2, выходов=2, PageRank=0.000313"
100000001611488100,terminal,0.8,11,0.098,"Получил 779300 KZT, исходящих связей=0, depth=3"
100000005375968100,peripheral,0.5,29,0.033,"Входов=1, выходов=2, PageRank=0.000296"
100000003581109100,terminal,0.8,29,0.047,"Получил 42750 KZT, исходящих связей=0, depth=3"
100000002933386100,peripheral,0.5,29,0.05,"Входов=1, выходов=1, PageRank=0.000656"
100000002284426100,terminal,0.8,11,0.048,"Получил 90000 KZT, исходящих связей=0, depth=3"
100000008579978100,peripheral,0.5,11,0.03,"Входов=1, выходов=1, PageRank=0.000288"
100000001549194100,terminal,0.8,39,0.048,"Получил 46500 KZT, исходящих связей=0, depth=3"
100000001427082100,peripheral,0.5,47,0.045,"Входов=1, выходов=5, PageRank=0.000441"
100000004657034100,terminal,0.8,11,0.048,"Получил 141250 KZT, исходящих связей=0, depth=3"
100000003796063100,distributor,0.85,11,0.164,out_deg=15 >= 10; out_kzt=959150 KZT
100000005268319100,peripheral,0.5,11,0.037,"Входов=1, выходов=5, PageRank=0.000295"
100000008744799100,terminal,0.8,31,0.047,"Получил 12600 KZT, исходящих связей=0, depth=3"
100000008677215100,terminal,0.8,41,0.048,"Получил 9000 KZT, исходящих связей=0, depth=3"
100000007593823100,distributor,0.83,29,0.152,out_deg=13 >= 10; out_kzt=162900 KZT
100000001282143100,consolidator,0.867,44,0.189,in_deg=5 >= 3; in_kzt=1700000 KZT
100000008029279100,terminal,0.8,32,0.047,"Получил 17000 KZT, исходящих связей=0, depth=3"
100000000594783100,coordinator,0.95,28,0.268,"PageRank=0.001401 >= q95=0.000979; in=1, out=2"
100000002705460100,terminal,0.8,16,0.063,"Получил 95000 KZT, исходящих связей=0, depth=3"
100000002952756100,terminal,0.8,57,0.052,"Получил 47000 KZT, исходящих связей=0, depth=3"
100000004634420100,terminal,0.8,31,0.047,"Получил 26150 KZT, исходящих связей=0, depth=3"
100000000583220100,peripheral,0.5,62,0.036,"Входов=1, выходов=1, PageRank=0.000299"
100000003286537100,terminal,0.8,48,0.06,"Получил 153000 KZT, исходящих связей=0, depth=3"
100000002958345100,terminal,0.8,44,0.05,"Получил 307000 KZT, исходящих связей=0, depth=3"
100000005055454100,terminal,0.8,50,0.06,"Получил 6500 KZT, исходящих связей=0, depth=3"
100000008738526100,peripheral,0.5,30,0.03,"Входов=1, выходов=1, PageRank=0.000289"
100000001298099100,terminal,0.8,57,0.047,"Получил 19000 KZT, исходящих связей=0, depth=3"
100000006491272100,terminal,0.8,31,0.047,"Получил 26200 KZT, исходящих связей=0, depth=3"
100000000552584100,coordinator,0.95,28,0.261,"PageRank=0.001344 >= q95=0.000979; in=1, out=1"
100000005187208100,terminal,0.8,11,0.049,"Получил 14160 KZT, исходящих связей=0, depth=3"
100000003528285100,consolidator,0.833,27,0.177,in_deg=4 >= 3; in_kzt=118870 KZT
100000001484381100,terminal,0.8,57,0.06,"Получил 95585 KZT, исходящих связей=0, depth=3"
100000002508637100,peripheral,0.5,32,0.033,"Входов=1, выходов=1, PageRank=0.000309"
100000003149149100,terminal,0.8,11,0.049,"Получил 245000 KZT, исходящих связей=0, depth=3"
100000001538095100,terminal,0.8,44,0.062,"Получил 280000 KZT, исходящих связей=0, depth=3"
100000008695133100,terminal,0.8,31,0.048,"Получил 36610 KZT, исходящих связей=0, depth=3"
100000008749405100,terminal,0.8,31,0.048,"Получил 37150 KZT, исходящих связей=0, depth=3"
100000005815602100,peripheral,0.5,16,0.046,"Входов=1, выходов=1, PageRank=0.000555"
100000006641671100,transit,0.864,32,0.098,"Получил 22000 KZT, отправил 25000 KZT, pass=1.14"
100000002945031100,terminal,0.8,38,0.047,"Получил 15000 KZT, исходящих связей=0, depth=3"
100000003497735100,terminal,0.8,37,0.049,"Получил 125000 KZT, исходящих связей=0, depth=3"
100000004644615100,peripheral,0.5,57,0.039,"Входов=1, выходов=2, PageRank=0.000376"
100000002755292100,terminal,0.8,11,0.049,"Получил 203400 KZT, исходящих связей=0, depth=3"
100000005142492100,coordinator,0.95,51,0.274,"PageRank=0.001936 >= q95=0.000979; in=1, out=1"
100000002893020100,terminal,0.8,57,0.047,"Получил 18340 KZT, исходящих связей=0, depth=3"
100000004500444100,peripheral,0.5,39,0.052,"Входов=2, выходов=1, PageRank=0.000466"
100000008454065100,terminal,0.8,39,0.048,"Получил 24050 KZT, исходящих связей=0, depth=3"
100000008416433100,terminal,0.8,39,0.047,"Получил 20000 KZT, исходящих связей=0, depth=3"
100000005265073100,peripheral,0.5,15,0.03,"Входов=1, выходов=1, PageRank=0.000300"
100000006734214100,consolidator,0.867,11,0.198,in_deg=5 >= 3; in_kzt=610000 KZT
100000002611334100,peripheral,0.5,29,0.03,"Входов=1, выходов=1, PageRank=0.000307"
100000006225798100,consolidator,0.8,36,0.162,in_deg=3 >= 3; in_kzt=722000 KZT
100000002849158100,consolidator,0.8,48,0.169,in_deg=3 >= 3; in_kzt=723000 KZT
100000008686214100,terminal,0.8,27,0.048,"Получил 25000 KZT, исходящих связей=0, depth=3"
100000004931931100,peripheral,0.5,29,0.03,"Входов=1, выходов=1, PageRank=0.000293"
100000007510875100,terminal,0.8,24,0.051,"Получил 5000 KZT, исходящих связей=0, depth=3"
100000005233755100,peripheral,0.5,36,0.029,"Входов=1, выходов=1, PageRank=0.000293"
100000008042075100,terminal,0.8,28,0.047,"Получил 5000 KZT, исходящих связей=0, depth=3"
100000001680944100,terminal,0.8,30,0.054,"Получил 393000 KZT, исходящих связей=0, depth=3"
100000008417029100,terminal,0.8,48,0.049,"Получил 100000 KZT, исходящих связей=0, depth=3"
100000004975919100,peripheral,0.5,32,0.031,"Входов=1, выходов=2, PageRank=0.000291"
100000003087877100,terminal,0.8,32,0.048,"Получил 91486 KZT, исходящих связей=0, depth=3"
100000008295429100,terminal,0.8,11,0.051,"Получил 352000 KZT, исходящих связей=0, depth=3"
100000003254277100,transit,0.915,29,0.08,"Получил 49200 KZT, отправил 44997 KZT, pass=0.91"
100000005314565100,terminal,0.8,29,0.054,"Получил 218500 KZT, исходящих связей=0, depth=3"
100000002951898100,terminal,0.8,39,0.048,"Получил 39990 KZT, исходящих связей=0, depth=3"
100000001009583100,terminal,0.8,11,0.051,"Получил 393740 KZT, исходящих связей=0, depth=3"
100000004064431100,peripheral,0.5,35,0.029,"Входов=1, выходов=1, PageRank=0.000292"
100000001927599100,terminal,0.8,57,0.061,"Получил 188000 KZT, исходящих связей=0, depth=3"
100000007737775100,terminal,0.8,49,0.048,"Получил 6000 KZT, исходящих связей=0, depth=3"
100000003157679100,consolidator,0.833,48,0.168,in_deg=4 >= 3; in_kzt=541000 KZT
100000001229743100,peripheral,0.5,29,0.029,"Входов=1, выходов=1, PageRank=0.000290"
100000003795588100,terminal,0.8,29,0.052,"Получил 400000 KZT, исходящих связей=0, depth=3"
100000002301828100,terminal,0.8,36,0.048,"Получил 46977 KZT, исходящих связей=0, depth=3"
100000005409156100,terminal,0.8,11,0.067,"Получил 260080 KZT, исходящих связей=0, depth=3"
100000002513028100,peripheral,0.5,52,0.036,"Входов=1, выходов=3, PageRank=0.000307"
100000003218308100,terminal,0.8,29,0.047,"Получил 11165 KZT, исходящих связей=0, depth=3"
100000008489604100,terminal,0.8,31,0.047,"Получил 11000 KZT, исходящих связей=0, depth=3"
100000004450649100,peripheral,0.5,11,0.044,"Входов=2, выходов=2, PageRank=0.000300"
100000008767065100,terminal,0.8,30,0.047,"Получил 10000 KZT, исходящих связей=0, depth=3"
100000003035737100,peripheral,0.5,11,0.051,"Входов=2, выходов=1, PageRank=0.000380"
100000002748761100,terminal,0.8,44,0.056,"Получил 796800 KZT, исходящих связей=0, depth=3"
100000008432942100,terminal,0.8,29,0.047,"Получил 44542 KZT, исходящих связей=0, depth=3"
100000004278574100,peripheral,0.5,11,0.029,"Входов=1, выходов=1, PageRank=0.000288"
100000000926766100,peripheral,0.5,45,0.031,"Входов=1, выходов=1, PageRank=0.000319"
100000008661550100,terminal,0.8,31,0.047,"Получил 22800 KZT, исходящих связей=0, depth=3"
100000000783406100,terminal,0.8,34,0.047,"Получил 6066 KZT, исходящих связей=0, depth=3"
100000008730371100,terminal,0.8,29,0.095,"Получил 520000 KZT, исходящих связей=0, depth=3"
100000002878467100,terminal,0.8,48,0.061,"Получил 200000 KZT, исходящих связей=0, depth=3"
100000003171587100,peripheral,0.5,11,0.052,"Входов=2, выходов=2, PageRank=0.000317"
100000002696152100,coordinator,0.95,49,0.234,"PageRank=0.001211 >= q95=0.000979; in=1, out=2"
100000002109656100,terminal,0.8,44,0.052,"Получил 500000 KZT, исходящих связей=0, depth=3"
100000001317336100,peripheral,0.5,59,0.049,"Входов=1, выходов=2, PageRank=0.000345"
100000005222360100,peripheral,0.5,39,0.047,"Входов=1, выходов=1, PageRank=0.000604"
100000001445848100,peripheral,0.5,34,0.06,"Входов=1, выходов=1, PageRank=0.000705"
100000008720856100,peripheral,0.5,11,0.031,"Входов=1, выходов=1, PageRank=0.000321"
100000002448088100,consolidator,0.8,47,0.163,in_deg=3 >= 3; in_kzt=20000 KZT
100000003109805100,terminal,0.8,36,0.048,"Получил 36929 KZT, исходящих связей=0, depth=3"
100000008223661100,peripheral,0.5,48,0.052,"Входов=2, выходов=5, PageRank=0.000316"
100000004096559100,terminal,0.8,24,0.087,"Получил 46200 KZT, исходящих связей=0, depth=3"
100000002257794100,terminal,0.8,35,0.081,"Получил 154000 KZT, исходящих связей=0, depth=3"
100000003112578100,terminal,0.8,44,0.048,"Получил 101080 KZT, исходящих связей=0, depth=3"
100000007020162100,terminal,0.8,39,0.049,"Получил 86395 KZT, исходящих связей=0, depth=3"
100000001934935100,terminal,0.8,29,0.048,"Получил 118935 KZT, исходящих связей=0, depth=3"
100000002663511100,terminal,0.8,29,0.051,"Получил 268940 KZT, исходящих связей=0, depth=3"
100000003338583100,terminal,0.8,35,0.047,"Получил 21765 KZT, исходящих связей=0, depth=3"
100000002904919100,peripheral,0.5,29,0.029,"Входов=1, выходов=1, PageRank=0.000292"
100000005127767100,terminal,0.8,60,0.055,"Получил 7000 KZT, исходящих связей=0, depth=3"
100000004066647100,terminal,0.8,37,0.048,"Получил 51000 KZT, исходящих связей=0, depth=3"
100000002394199100,coordinator,0.95,24,0.341,"PageRank=0.003050 >= q95=0.000979; in=1, out=1"
100000003968044100,peripheral,0.5,32,0.036,"Входов=1, выходов=3, PageRank=0.000297"
100000001808684100,coordinator,0.95,51,0.231,"PageRank=0.001177 >= q95=0.000979; in=1, out=1"
100000008097580100,terminal,0.8,32,0.08,"Получил 32000 KZT, исходящих связей=0, depth=3"
100000008687617100,terminal,0.8,31,0.048,"Получил 43350 KZT, исходящих связей=0, depth=3"
100000005667841100,terminal,0.8,48,0.06,"Получил 186000 KZT, исходящих связей=0, depth=3"
100000001329153100,terminal,0.8,29,0.049,"Получил 150687 KZT, исходящих связей=0, depth=3"
100000007689942100,peripheral,0.5,37,0.066,"Входов=1, выходов=2, PageRank=0.000897"
100000006476758100,terminal,0.8,49,0.06,"Получил 5200 KZT, исходящих связей=0, depth=3"
100000002184107100,terminal,0.8,34,0.047,"Получил 6066 KZT, исходящих связей=0, depth=3"
100000008663723100,terminal,0.8,31,0.047,"Получил 15600 KZT, исходящих связей=0, depth=3"
100000000254336100,peripheral,0.5,29,0.041,"Входов=2, выходов=1, PageRank=0.000293"
100000008750464100,terminal,0.8,31,0.047,"Получил 8500 KZT, исходящих связей=0, depth=3"
100000001530709100,terminal,0.8,29,0.048,"Получил 53961 KZT, исходящих связей=0, depth=3"
100000000656682100,transit,0.873,29,0.082,"Получил 71000 KZT, отправил 80000 KZT, pass=1.13"
100000008755754100,terminal,0.8,44,0.048,"Получил 7000 KZT, исходящих связей=0, depth=3"
100000002691583100,terminal,0.8,61,0.053,"Получил 285200 KZT, исходящих связей=0, depth=3"
100000005241556100,terminal,0.8,32,0.063,"Получил 100000 KZT, исходящих связей=0, depth=3"
100000004713684100,terminal,0.8,29,0.047,"Получил 37500 KZT, исходящих связей=0, depth=3"
100000006919124100,terminal,0.8,29,0.047,"Получил 25000 KZT, исходящих связей=0, depth=3"
100000003006633100,terminal,0.8,34,0.047,"Получил 10000 KZT, исходящих связей=0, depth=3"
100000008306857100,terminal,0.8,44,0.048,"Получил 125000 KZT, исходящих связей=0, depth=3"
100000003671721100,terminal,0.8,57,0.063,"Получил 5000 KZT, исходящих связей=0, depth=3"
100000002613929100,terminal,0.8,24,0.076,"Получил 28560 KZT, исходящих связей=0, depth=3"
100000008669310100,terminal,0.8,29,0.048,"Получил 59567 KZT, исходящих связей=0, depth=3"
100000006573438100,terminal,0.8,46,0.048,"Получил 5000 KZT, исходящих связей=0, depth=3"
100000006165886100,peripheral,0.5,29,0.042,"Входов=2, выходов=1, PageRank=0.000300"
100000008491390100,terminal,0.8,29,0.047,"Получил 36000 KZT, исходящих связей=0, depth=3"
100000005186131100,transit,1.0,29,0.079,"Получил 10000 KZT, отправил 10000 KZT, pass=1.00"
100000001550419100,terminal,0.8,39,0.047,"Получил 23000 KZT, исходящих связей=0, depth=3"
100000004979283100,terminal,0.8,57,0.048,"Получил 40132 KZT, исходящих связей=0, depth=3"
100000002537811100,coordinator,0.95,49,0.234,"PageRank=0.001236 >= q95=0.000979; in=1, out=1"
100000002990675100,terminal,0.8,11,0.047,"Получил 51143 KZT, исходящих связей=0, depth=3"
100000008763688100,terminal,0.8,31,0.047,"Получил 21000 KZT, исходящих связей=0, depth=3"
100000002809896100,terminal,0.8,57,0.048,"Получил 38000 KZT, исходящих связей=0, depth=3"
100000008716072100,terminal,0.8,31,0.047,"Получил 12100 KZT, исходящих связей=0, depth=3"
100000001279272100,peripheral,0.5,29,0.035,"Входов=1, выходов=2, PageRank=0.000309"
100000001714173100,terminal,0.8,30,0.069,"Получил 638905 KZT, исходящих связей=0, depth=3"
100000008729597100,terminal,0.8,32,0.049,"Получил 83090 KZT, исходящих связей=0, depth=3"
100000002255058100,terminal,0.8,27,0.059,"Получил 491500 KZT, исходящих связей=0, depth=3"
100000006111442100,terminal,0.8,48,0.048,"Получил 64000 KZT, исходящих связей=0, depth=3"
100000008686247100,peripheral,0.5,28,0.03,"Входов=1, выходов=1, PageRank=0.000315"
100000001893287100,peripheral,0.5,51,0.049,"Входов=1, выходов=1, PageRank=0.000621"
100000005172860100,terminal,0.8,29,0.047,"Получил 15209 KZT, исходящих связей=0, depth=3"
100000001788284100,peripheral,0.5,45,0.039,"Входов=1, выходов=5, PageRank=0.000301"
100000008755580100,terminal,0.8,31,0.047,"Получил 16000 KZT, исходящих связей=0, depth=3"
100000003896956100,peripheral,0.5,16,0.029,"Входов=1, выходов=1, PageRank=0.000290"
100000002475601100,terminal,0.8,32,0.05,"Получил 232301 KZT, исходящих связей=0, depth=3"
100000008619857100,peripheral,0.5,29,0.031,"Входов=1, выходов=2, PageRank=0.000288"
100000001373265100,peripheral,0.5,32,0.032,"Входов=1, выходов=1, PageRank=0.000316"
100000004185681100,terminal,0.8,27,0.061,"Получил 10000 KZT, исходящих связей=0, depth=3"
100000003031633100,terminal,0.8,48,0.052,"Получил 414000 KZT, исходящих связей=0, depth=3"
100000002632742100,terminal,0.8,48,0.061,"Получил 235500 KZT, исходящих связей=0, depth=3"
100000005847078100,terminal,0.8,31,0.047,"Получил 16300 KZT, исходящих связей=0, depth=3"
100000002807334100,terminal,0.8,11,0.047,"Получил 54715 KZT, исходящих связей=0, depth=3"
100000008748795100,terminal,0.8,29,0.047,"Получил 47057 KZT, исходящих связей=0, depth=3"
100000003899899100,peripheral,0.5,16,0.062,"Входов=2, выходов=1, PageRank=0.000657"
100000002308091100,terminal,0.8,44,0.064,"Получил 186720 KZT, исходящих связей=0, depth=3"
100000008680912100,peripheral,0.5,29,0.044,"Входов=1, выходов=1, PageRank=0.000540"
100000008742053100,distributor,0.82,44,0.151,out_deg=12 >= 10; out_kzt=2789000 KZT
100000008473765100,terminal,0.8,32,0.048,"Получил 30000 KZT, исходящих связей=0, depth=3"
100000007472293100,peripheral,0.5,30,0.035,"Входов=1, выходов=3, PageRank=0.000288"
100000008753061100,terminal,0.8,31,0.047,"Получил 28400 KZT, исходящих связей=0, depth=3"
100000008501413100,transit,0.98,49,0.083,"Получил 5000 KZT, отправил 5100 KZT, pass=1.02"
100000002748581100,terminal,0.8,39,0.048,"Получил 41180 KZT, исходящих связей=0, depth=3"
100000001384826100,peripheral,0.5,11,0.032,"Входов=1, выходов=1, PageRank=0.000299"
100000004099450100,terminal,0.8,29,0.048,"Получил 31000 KZT, исходящих связей=0, depth=3"
100000002926970100,terminal,0.8,57,0.049,"Получил 85000 KZT, исходящих связей=0, depth=3"
100000002753146100,terminal,0.8,44,0.056,"Получил 803540 KZT, исходящих связей=0, depth=3"
100000003943247100,terminal,0.8,29,0.047,"Получил 40000 KZT, исходящих связей=0, depth=3"
100000002872399100,terminal,0.8,24,0.08,"Получил 1090000 KZT, исходящих связей=0, depth=3"
100000008417359100,peripheral,0.5,36,0.032,"Входов=1, выходов=2, PageRank=0.000293"
100000002614095100,terminal,0.8,31,0.047,"Получил 5300 KZT, исходящих связей=0, depth=3"
100000004717647100,coordinator,0.95,55,0.249,"PageRank=0.001028 >= q95=0.000979; in=1, out=5"
100000008537380100,terminal,0.8,31,0.047,"Получил 8000 KZT, исходящих связей=0, depth=3"
100000001534244100,peripheral,0.5,48,0.046,"Входов=2, выходов=1, PageRank=0.000343"
100000008767950100,terminal,0.8,31,0.047,"Получил 17350 KZT, исходящих связей=0, depth=3"
100000004613582100,peripheral,0.5,24,0.044,"Входов=1, выходов=1, PageRank=0.000556"
100000008121806100,peripheral,0.5,32,0.037,"Входов=1, выходов=4, PageRank=0.000302"
100000002369443100,terminal,0.8,31,0.048,"Получил 50000 KZT, исходящих связей=0, depth=3"
100000008655779100,peripheral,0.5,64,0.037,"Входов=1, выходов=2, PageRank=0.000399"
100000008561016100,transit,0.972,48,0.082,"Получил 180000 KZT, отправил 185000 KZT, pass=1.03"
100000002727288100,terminal,0.8,10,0.052,"Получил 16000 KZT, исходящих связей=0, depth=3"
100000001270349100,terminal,0.8,51,0.053,"Получил 200000 KZT, исходящих связей=0, depth=3"
100000004722765100,peripheral,0.5,0,0.07,"Входов=1, выходов=3, PageRank=0.000584"
100000001677389100,peripheral,0.5,36,0.029,"Входов=1, выходов=1, PageRank=0.000290"
100000005857058100,consolidator,0.8,29,0.154,in_deg=3 >= 3; in_kzt=80222 KZT
100000008760098100,peripheral,0.5,30,0.032,"Входов=1, выходов=1, PageRank=0.000288"
100000002838519100,terminal,0.8,39,0.048,"Получил 46900 KZT, исходящих связей=0, depth=3"
100000002597623100,terminal,0.8,29,0.047,"Получил 16418 KZT, исходящих связей=0, depth=3"
100000003635660100,terminal,0.8,29,0.047,"Получил 18985 KZT, исходящих связей=0, depth=3"
100000008676812100,terminal,0.8,37,0.06,"Получил 230800 KZT, исходящих связей=0, depth=3"
100000003213473100,distributor,0.81,29,0.129,out_deg=11 >= 10; out_kzt=240000 KZT
100000003071649100,terminal,0.8,48,0.049,"Получил 189500 KZT, исходящих связей=0, depth=3"
100000002433697100,transit,0.846,11,0.081,"Получил 130000 KZT, отправил 110000 KZT, pass=0.85"
100000008612257100,terminal,0.8,36,0.047,"Получил 9500 KZT, исходящих связей=0, depth=3"
100000002736033100,peripheral,0.5,36,0.03,"Входов=1, выходов=1, PageRank=0.000296"
100000008687990100,terminal,0.8,31,0.047,"Получил 17600 KZT, исходящих связей=0, depth=3"
100000008776310100,terminal,0.8,31,0.047,"Получил 19200 KZT, исходящих связей=0, depth=3"
100000007267915100,peripheral,0.5,36,0.04,"Входов=2, выходов=1, PageRank=0.000293"
100000004217419100,peripheral,0.5,32,0.057,"Входов=2, выходов=1, PageRank=0.000587"
100000002773323100,peripheral,0.5,48,0.054,"Входов=2, выходов=1, PageRank=0.000327"
100000002528544100,terminal,0.8,32,0.049,"Получил 192912 KZT, исходящих связей=0, depth=3"
100000003760160100,terminal,0.8,11,0.048,"Получил 104470 KZT, исходящих связей=0, depth=3"
100000000640800100,peripheral,0.5,32,0.04,"Входов=1, выходов=4, PageRank=0.000305"
100000008238112100,terminal,0.8,11,0.049,"Получил 190000 KZT, исходящих связей=0, depth=3"
100000008751349100,terminal,0.8,61,0.047,"Получил 11630 KZT, исходящих связей=0, depth=3"
100000002963189100,peripheral,0.5,39,0.095,"Входов=1, выходов=7, PageRank=0.000426"
100000008548853100,terminal,0.8,31,0.047,"Получил 14000 KZT, исходящих связей=0, depth=3"
100000003164661100,terminal,0.8,50,0.07,"Получил 596200 KZT, исходящих связей=0, depth=3"
100000000791285100,peripheral,0.5,61,0.063,"Входов=1, выходов=3, PageRank=0.000569"
100000003192309100,peripheral,0.5,31,0.031,"Входов=1, выходов=1, PageRank=0.000290"
100000002891765100,terminal,0.8,39,0.048,"Получил 55576 KZT, исходящих связей=0, depth=3"
100000001740277100,peripheral,0.5,24,0.034,"Входов=1, выходов=1, PageRank=0.000374"
100000002232266100,terminal,0.8,32,0.048,"Получил 45000 KZT, исходящих связей=0, depth=3"
100000006701983100,terminal,0.8,31,0.047,"Получил 27000 KZT, исходящих связей=0, depth=3"
100000002871199100,terminal,0.8,39,0.047,"Получил 23186 KZT, исходящих связей=0, depth=3"
100000002757791100,terminal,0.8,51,0.049,"Получил 73050 KZT, исходящих связей=0, depth=3"
100000000572276100,peripheral,0.5,31,0.029,"Входов=1, выходов=1, PageRank=0.000289"
100000001853812100,terminal,0.8,32,0.048,"Получил 70000 KZT, исходящих связей=0, depth=3"
100000004726132100,peripheral,0.5,29,0.034,"Входов=1, выходов=1, PageRank=0.000318"
100000001785161100,terminal,0.8,8,0.06,"Получил 30000 KZT, исходящих связей=0, depth=3"
100000002612809100,peripheral,0.5,58,0.042,"Входов=1, выходов=3, PageRank=0.000430"
100000008769097100,terminal,0.8,31,0.047,"Получил 31100 KZT, исходящих связей=0, depth=3"
100000004488265100,terminal,0.8,32,0.048,"Получил 38740 KZT, исходящих связей=0, depth=3"
100000002509598100,terminal,0.8,44,0.05,"Получил 305550 KZT, исходящих связей=0, depth=3"
100000008706846100,terminal,0.8,31,0.047,"Получил 14200 KZT, исходящих связей=0, depth=3"
100000001280798100,terminal,0.8,57,0.048,"Получил 23785 KZT, исходящих связей=0, depth=3"
100000006664478100,transit,0.909,51,0.1,"Получил 55000 KZT, отправил 60000 KZT, pass=1.09"
100000003781406100,terminal,0.8,3,0.073,"Получил 45000 KZT, исходящих связей=0, depth=3"
100000008708595100,terminal,0.8,31,0.047,"Получил 17200 KZT, исходящих связей=0, depth=3"
100000004611571100,terminal,0.8,29,0.047,"Получил 22550 KZT, исходящих связей=0, depth=3"
100000008576243100,terminal,0.8,29,0.137,"Получил 82920 KZT, исходящих связей=0, depth=3"
100000008662216100,terminal,0.8,31,0.047,"Получил 26200 KZT, исходящих связей=0, depth=3"
100000002681544100,terminal,0.8,24,0.062,"Получил 166072 KZT, исходящих связей=0, depth=3"
100000007864477100,peripheral,0.5,29,0.051,"Входов=2, выходов=6, PageRank=0.000306"
100000004746397100,peripheral,0.5,11,0.031,"Входов=1, выходов=1, PageRank=0.000294"
100000003814002100,terminal,0.8,11,0.047,"Получил 30000 KZT, исходящих связей=0, depth=3"
100000003962994100,terminal,0.8,60,0.058,"Получил 10000 KZT, исходящих связей=0, depth=3"
100000003366471100,peripheral,0.5,32,0.046,"Входов=2, выходов=1, PageRank=0.000362"
100000003561031100,peripheral,0.5,32,0.029,"Входов=1, выходов=1, PageRank=0.000290"
100000001690439100,terminal,0.8,11,0.058,"Получил 14200 KZT, исходящих связей=0, depth=3"
100000002954780100,terminal,0.8,48,0.048,"Получил 133400 KZT, исходящих связей=0, depth=3"
100000008720668100,terminal,0.8,31,0.047,"Получил 16000 KZT, исходящих связей=0, depth=3"
100000002459164100,terminal,0.8,29,0.062,"Получил 20000 KZT, исходящих связей=0, depth=3"
100000005082652100,terminal,0.8,24,0.054,"Получил 30000 KZT, исходящих связей=0, depth=3"
100000005041905100,peripheral,0.5,31,0.038,"Входов=1, выходов=1, PageRank=0.000288"
100000008653041100,terminal,0.8,31,0.047,"Получил 28000 KZT, исходящих связей=0, depth=3"
100000008722417100,peripheral,0.5,11,0.041,"Входов=1, выходов=3, PageRank=0.000298"
100000008625905100,peripheral,0.5,10,0.052,"Входов=1, выходов=2, PageRank=0.000548"
100000007487729100,terminal,0.8,29,0.048,"Получил 25000 KZT, исходящих связей=0, depth=3"
100000000838385100,coordinator,0.95,64,0.281,"PageRank=0.001939 >= q95=0.000979; in=1, out=2"
100000004750321100,terminal,0.8,57,0.059,"Получил 50185 KZT, исходящих связей=0, depth=3"
100000008664774100,terminal,0.8,31,0.047,"Получил 16300 KZT, исходящих связей=0, depth=3"
100000006274203100,peripheral,0.5,11,0.092,"Входов=2, выходов=3, PageRank=0.000635"
100000002185328100,peripheral,0.5,47,0.038,"Входов=1, выходов=4, PageRank=0.000353"
100000008254576100,peripheral,0.5,34,0.03,"Входов=1, выходов=1, PageRank=0.000293"
100000001689968100,consolidator,0.8,11,0.154,in_deg=3 >= 3; in_kzt=344334 KZT
100000002236528100,terminal,0.8,24,0.049,"Получил 66000 KZT, исходящих связей=0, depth=3"
100000002670960100,terminal,0.8,44,0.052,"Получил 480310 KZT, исходящих связей=0, depth=3"
100000003557488100,peripheral,0.5,59,0.054,"Входов=1, выходов=2, PageRank=0.000583"
100000003888197100,terminal,0.8,11,0.048,"Получил 83167 KZT, исходящих связей=0, depth=3"
100000002799941100,terminal,0.8,37,0.058,"Получил 600000 KZT, исходящих связей=0, depth=3"
100000001632325100,terminal,0.8,31,0.048,"Получил 85600 KZT, исходящих связей=0, depth=3"
100000008620570100,peripheral,0.5,27,0.046,"Входов=2, выходов=2, PageRank=0.000350"
100000005308954100,peripheral,0.5,16,0.034,"Входов=1, выходов=1, PageRank=0.000361"
100000008468762100,terminal,0.8,30,0.06,"Получил 170000 KZT, исходящих связей=0, depth=3"
100000002305007100,terminal,0.8,31,0.048,"Получил 56000 KZT, исходящих связей=0, depth=3"
100000008314863100,terminal,0.8,27,0.06,"Получил 12000 KZT, исходящих связей=0, depth=3"
100000005709551100,terminal,0.8,38,0.048,"Получил 24560 KZT, исходящих связей=0, depth=3"
100000008297199100,terminal,0.8,29,0.048,"Получил 42268 KZT, исходящих связей=0, depth=3"
100000003271151100,terminal,0.8,32,0.049,"Получил 127294 KZT, исходящих связей=0, depth=3"
100000007005380100,terminal,0.8,11,0.048,"Получил 9400 KZT, исходящих связей=0, depth=3"
100000004451012100,peripheral,0.5,37,0.034,"Входов=1, выходов=3, PageRank=0.000303"
100000004779204100,peripheral,0.5,29,0.029,"Входов=1, выходов=1, PageRank=0.000289"
100000002793881100,consolidator,0.8,48,0.159,in_deg=3 >= 3; in_kzt=785600 KZT
100000008671129100,terminal,0.8,31,0.047,"Получил 26200 KZT, исходящих связей=0, depth=3"
100000002095257100,terminal,0.8,32,0.053,"Получил 8500 KZT, исходящих связей=0, depth=3"
100000002194329100,terminal,0.8,29,0.047,"Получил 25170 KZT, исходящих связей=0, depth=3"
100000001884825100,consolidator,0.8,48,0.155,in_deg=3 >= 3; in_kzt=495000 KZT
100000008692291100,consolidator,0.8,48,0.157,in_deg=3 >= 3; in_kzt=160000 KZT
100000002697752100,terminal,0.8,32,0.061,"Получил 190785 KZT, исходящих связей=0, depth=3"
100000007170072100,transit,0.995,32,0.083,"Получил 100000 KZT, отправил 99500 KZT, pass=0.99"
100000002373144100,peripheral,0.5,29,0.029,"Входов=1, выходов=1, PageRank=0.000291"
100000000287768100,terminal,0.8,29,0.047,"Получил 35168 KZT, исходящих связей=0, depth=3"
100000004508696100,peripheral,0.5,60,0.041,"Входов=1, выходов=3, PageRank=0.000424"
100000008688109100,terminal,0.8,31,0.047,"Получил 12800 KZT, исходящих связей=0, depth=3"
100000008724461100,peripheral,0.5,48,0.031,"Входов=1, выходов=1, PageRank=0.000292"
100000001714413100,terminal,0.8,11,0.049,"Получил 250172 KZT, исходящих связей=0, depth=3"
100000008672493100,terminal,0.8,31,0.047,"Получил 14000 KZT, исходящих связей=0, depth=3"
100000003241965100,terminal,0.8,57,0.047,"Получил 15000 KZT, исходящих связей=0, depth=3"
100000002241986100,peripheral,0.5,65,0.066,"Входов=1, выходов=6, PageRank=0.000296"
100000004140994100,terminal,0.8,31,0.047,"Получил 18650 KZT, исходящих связей=0, depth=3"
100000008489922100,distributor,1.0,48,0.241,out_deg=36 >= 10; out_kzt=3789900 KZT
100000001252290100,peripheral,0.5,11,0.03,"Входов=1, выходов=1, PageRank=0.000291"
100000008667799100,terminal,0.8,31,0.048,"Получил 34000 KZT, исходящих связей=0, depth=3"
100000008684951100,terminal,0.8,31,0.047,"Получил 17200 KZT, исходящих связей=0, depth=3"
100000006126743100,terminal,0.8,11,0.047,"Получил 55000 KZT, исходящих связей=0, depth=3"
100000003009900100,terminal,0.8,57,0.047,"Получил 15998 KZT, исходящих связей=0, depth=3"
100000001745217100,terminal,0.8,29,0.048,"Получил 50000 KZT, исходящих связей=0, depth=3"
100000002886166100,terminal,0.8,35,0.051,"Получил 185000 KZT, исходящих связей=0, depth=3"
100000002956779100,terminal,0.8,27,0.057,"Получил 411000 KZT, исходящих связей=0, depth=3"
100000008568512100,terminal,0.8,11,0.049,"Получил 199640 KZT, исходящих связей=0, depth=3"
100000008583360100,peripheral,0.5,57,0.033,"Входов=1, выходов=1, PageRank=0.000329"
100000001130176100,terminal,0.8,29,0.063,"Получил 25000 KZT, исходящих связей=0, depth=3"
100000001145749100,terminal,0.8,27,0.058,"Получил 10000 KZT, исходящих связей=0, depth=3"
100000005367445100,coordinator,0.95,48,0.27,"PageRank=0.001870 >= q95=0.000979; in=1, out=1"
100000003917461100,peripheral,0.5,3,0.038,"Входов=1, выходов=2, PageRank=0.000401"
100000008200810100,terminal,0.8,44,0.052,"Получил 475000 KZT, исходящих связей=0, depth=3"
100000002554175100,terminal,0.8,57,0.048,"Получил 24621 KZT, исходящих связей=0, depth=3"
100000008751380100,terminal,0.8,48,0.062,"Получил 345780 KZT, исходящих связей=0, depth=3"
100000004071444100,peripheral,0.5,29,0.033,"Входов=1, выходов=1, PageRank=0.000309"
100000001141268100,peripheral,0.5,30,0.048,"Входов=2, выходов=1, PageRank=0.000366"
100000002645993100,peripheral,0.5,29,0.048,"Входов=2, выходов=5, PageRank=0.000295"
100000002546921100,terminal,0.8,39,0.047,"Получил 20000 KZT, исходящих связей=0, depth=3"
100000008753897100,terminal,0.8,31,0.047,"Получил 24050 KZT, исходящих связей=0, depth=3"
100000000870121100,terminal,0.8,38,0.049,"Получил 12000 KZT, исходящих связей=0, depth=3"
100000003171006100,terminal,0.8,48,0.064,"Получил 485000 KZT, исходящих связей=0, depth=3"
100000001690558100,terminal,0.8,37,0.06,"Получил 740000 KZT, исходящих связей=0, depth=3"
100000008667795100,terminal,0.8,31,0.048,"Получил 34000 KZT, исходящих связей=0, depth=3"
100000005674387100,terminal,0.8,31,0.047,"Получил 26200 KZT, исходящих связей=0, depth=3"
100000003636627100,coordinator,0.95,51,0.278,"PageRank=0.002008 >= q95=0.000979; in=1, out=1"
100000001275752100,terminal,0.8,48,0.049,"Получил 151500 KZT, исходящих связей=0, depth=3"
100000002459240100,terminal,0.8,11,0.048,"Получил 150000 KZT, исходящих связей=0, depth=3"
100000002644285100,terminal,0.8,44,0.052,"Получил 500000 KZT, исходящих связей=0, depth=3"
100000005186109100,terminal,0.8,10,0.065,"Получил 5000 KZT, исходящих связей=0, depth=3"
100000005317181100,peripheral,0.5,29,0.032,"Входов=1, выходов=1, PageRank=0.000324"
100000003001661100,peripheral,0.5,64,0.055,"Входов=1, выходов=5, PageRank=0.000549"
100000000288317100,peripheral,0.5,29,0.045,"Входов=2, выходов=3, PageRank=0.000314"
100000004368189100,peripheral,0.5,44,0.035,"Входов=1, выходов=2, PageRank=0.000305"
100000004493586100,terminal,0.8,29,0.047,"Получил 7500 KZT, исходящих связей=0, depth=3"
100000004114962100,terminal,0.8,11,0.083,"Получил 165000 KZT, исходящих связей=0, depth=3"
100000008088082100,peripheral,0.5,38,0.03,"Входов=1, выходов=1, PageRank=0.000301"
100000008595687100,peripheral,0.5,16,0.03,"Входов=1, выходов=1, PageRank=0.000306"
100000001248999100,terminal,0.8,36,0.047,"Получил 23425 KZT, исходящих связей=0, depth=3"
100000002736316100,consolidator,0.8,29,0.156,in_deg=3 >= 3; in_kzt=266921 KZT
100000008596924100,terminal,0.8,51,0.055,"Получил 100000 KZT, исходящих связей=0, depth=3"
100000008598972100,terminal,0.8,32,0.048,"Получил 120000 KZT, исходящих связей=0, depth=3"
100000002769809100,terminal,0.8,37,0.053,"Получил 113422 KZT, исходящих связей=0, depth=3"
100000003089553100,terminal,0.8,48,0.049,"Получил 150000 KZT, исходящих связей=0, depth=3"
100000002343825100,consolidator,0.8,48,0.158,in_deg=3 >= 3; in_kzt=350000 KZT
100000002015633100,terminal,0.8,11,0.048,"Получил 94970 KZT, исходящих связей=0, depth=3"
100000002906470100,terminal,0.8,37,0.049,"Получил 130000 KZT, исходящих связей=0, depth=3"
100000005628518100,terminal,0.8,37,0.062,"Получил 77000 KZT, исходящих связей=0, depth=3"
100000002958139100,terminal,0.8,48,0.05,"Получил 209500 KZT, исходящих связей=0, depth=3"
100000008754747100,terminal,0.8,31,0.048,"Получил 45500 KZT, исходящих связей=0, depth=3"
100000008776720100,terminal,0.8,31,0.047,"Получил 26150 KZT, исходящих связей=0, depth=3"
100000008576528100,terminal,0.8,11,0.047,"Получил 28000 KZT, исходящих связей=0, depth=3"
100000004603109100,coordinator,0.95,28,0.396,"PageRank=0.003227 >= q95=0.000979; in=3, out=2"
100000008721637100,peripheral,0.5,51,0.032,"Входов=1, выходов=2, PageRank=0.000292"
100000004491749100,terminal,0.8,51,0.051,"Получил 50000 KZT, исходящих связей=0, depth=3"
100000005171642100,coordinator,0.95,51,0.347,"PageRank=0.002828 >= q95=0.000979; in=2, out=1"
100000008682426100,terminal,0.8,39,0.047,"Получил 20000 KZT, исходящих связей=0, depth=3"
100000006209210100,terminal,0.8,24,0.053,"Получил 229111 KZT, исходящих связей=0, depth=3"
100000003888527100,terminal,0.8,46,0.052,"Получил 30000 KZT, исходящих связей=0, depth=3"
100000008490127100,peripheral,0.5,11,0.049,"Входов=1, выходов=6, PageRank=0.000301"
100000004336228100,terminal,0.8,32,0.048,"Получил 51407 KZT, исходящих связей=0, depth=3"
100000006844004100,terminal,0.8,29,0.062,"Получил 20600 KZT, исходящих связей=0, depth=3"
100000001688676100,terminal,0.8,37,0.049,"Получил 133700 KZT, исходящих связей=0, depth=3"
100000008712036100,terminal,0.8,31,0.047,"Получил 21000 KZT, исходящих связей=0, depth=3"
100000004697956100,transit,1.0,51,0.089,"Получил 10000 KZT, отправил 10000 KZT, pass=1.00"
100000004921657100,peripheral,0.5,27,0.033,"Входов=1, выходов=1, PageRank=0.000363"
100000000408846100,terminal,0.8,61,0.048,"Получил 40500 KZT, исходящих связей=0, depth=3"
100000003406094100,peripheral,0.5,16,0.062,"Входов=1, выходов=3, PageRank=0.000781"
100000008695566100,terminal,0.8,31,0.047,"Получил 33700 KZT, исходящих связей=0, depth=3"
100000005974542100,terminal,0.8,41,0.059,"Получил 94500 KZT, исходящих связей=0, depth=3"
100000001887715100,consolidator,0.8,30,0.193,in_deg=3 >= 3; in_kzt=1331500 KZT
100000002472632100,coordinator,0.95,45,0.234,"PageRank=0.000990 >= q95=0.000979; in=2, out=1"
100000004629688100,peripheral,0.5,10,0.035,"Входов=1, выходов=1, PageRank=0.000390"
100000002459832100,terminal,0.8,32,0.071,"Получил 880606 KZT, исходящих связей=0, depth=3"
100000006100920100,terminal,0.8,29,0.05,"Получил 100000 KZT, исходящих связей=0, depth=3"
100000001439416100,peripheral,0.5,29,0.035,"Входов=1, выходов=2, PageRank=0.000343"
100000002121357100,peripheral,0.5,48,0.044,"Входов=2, выходов=1, PageRank=0.000328"
100000002970466100,peripheral,0.5,29,0.031,"Входов=1, выходов=2, PageRank=0.000288"
100000002581346100,terminal,0.8,11,0.049,"Получил 166400 KZT, исходящих связей=0, depth=3"
100000008738658100,terminal,0.8,31,0.047,"Получил 29920 KZT, исходящих связей=0, depth=3"
100000005910114100,distributor,0.89,29,0.18,out_deg=19 >= 10; out_kzt=1469993 KZT
100000001046626100,terminal,0.8,11,0.048,"Получил 150000 KZT, исходящих связей=0, depth=3"
100000006492770100,peripheral,0.5,29,0.032,"Входов=1, выходов=1, PageRank=0.000302"
100000001674850100,terminal,0.8,48,0.061,"Получил 237000 KZT, исходящих связей=0, depth=3"
100000000860514100,peripheral,0.5,45,0.03,"Входов=1, выходов=1, PageRank=0.000308"
100000003650146100,terminal,0.8,16,0.048,"Получил 14400 KZT, исходящих связей=0, depth=3"
100000001227106100,terminal,0.8,11,0.049,"Получил 164765 KZT, исходящих связей=0, depth=3"
100000003647799100,terminal,0.8,11,0.048,"Получил 100000 KZT, исходящих связей=0, depth=3"
100000008293431100,peripheral,0.5,29,0.038,"Входов=1, выходов=5, PageRank=0.000288"
100000002975287100,terminal,0.8,36,0.047,"Получил 15000 KZT, исходящих связей=0, depth=3"
100000008507703100,terminal,0.8,31,0.047,"Получил 28500 KZT, исходящих связей=0, depth=3"
100000001733687100,terminal,0.8,48,0.051,"Получил 300000 KZT, исходящих связей=0, depth=3"
100000004552204100,peripheral,0.5,13,0.064,"Входов=1, выходов=2, PageRank=0.000868"
100000008223756100,terminal,0.8,32,0.064,"Получил 331682 KZT, исходящих связей=0, depth=3"
100000002956769100,consolidator,0.8,44,0.16,in_deg=3 >= 3; in_kzt=840000 KZT
100000008555233100,terminal,0.8,30,0.055,"Получил 440600 KZT, исходящих связей=0, depth=3"
100000002346166100,terminal,0.8,31,0.047,"Получил 6000 KZT, исходящих связей=0, depth=3"
100000000878006100,terminal,0.8,11,0.047,"Получил 47003 KZT, исходящих связей=0, depth=3"
100000004997515100,consolidator,0.833,48,0.173,in_deg=4 >= 3; in_kzt=395000 KZT
100000007653003100,terminal,0.8,36,0.049,"Получил 100000 KZT, исходящих связей=0, depth=3"
100000000661131100,terminal,0.8,31,0.047,"Получил 15600 KZT, исходящих связей=0, depth=3"
100000003880331100,distributor,0.86,32,0.169,out_deg=16 >= 10; out_kzt=3904908 KZT
100000003204491100,peripheral,0.5,29,0.031,"Входов=1, выходов=1, PageRank=0.000299"
100000008463968100,terminal,0.8,31,0.047,"Получил 10000 KZT, исходящих связей=0, depth=3"
100000002712416100,terminal,0.8,44,0.059,"Получил 116800 KZT, исходящих связей=0, depth=3"
100000008754997100,terminal,0.8,31,0.047,"Получил 18000 KZT, исходящих связей=0, depth=3"
100000008011573100,terminal,0.8,36,0.047,"Получил 15000 KZT, исходящих связей=0, depth=3"
100000003178549100,peripheral,0.5,36,0.051,"Входов=2, выходов=4, PageRank=0.000354"
100000000534581100,peripheral,0.5,32,0.041,"Входов=2, выходов=1, PageRank=0.000300"
100000007138613100,consolidator,0.8,29,0.165,in_deg=3 >= 3; in_kzt=1002000 KZT
100000002380341100,terminal,0.8,29,0.049,"Получил 57566 KZT, исходящих связей=0, depth=3"
100000008309514100,terminal,0.8,31,0.047,"Получил 17200 KZT, исходящих связей=0, depth=3"
100000003134474100,terminal,0.8,11,0.048,"Получил 116000 KZT, исходящих связей=0, depth=3"
100000002373386100,terminal,0.8,31,0.047,"Получил 24000 KZT, исходящих связей=0, depth=3"
100000008684767100,terminal,0.8,31,0.047,"Получил 31100 KZT, исходящих связей=0, depth=3"
100000008332511100,terminal,0.8,51,0.096,"Получил 100000 KZT, исходящих связей=0, depth=3"
100000005754335100,terminal,0.8,46,0.054,"Получил 44037 KZT, исходящих связей=0, depth=3"
100000008547295100,terminal,0.8,51,0.063,"Получил 15000 KZT, исходящих связей=0, depth=3"
100000001875167100,terminal,0.8,11,0.057,"Получил 1000000 KZT, исходящих связей=0, depth=3"
100000004670388100,peripheral,0.5,43,0.051,"Входов=1, выходов=2, PageRank=0.000516"
100000004097972100,peripheral,0.5,29,0.033,"Входов=1, выходов=2, PageRank=0.000318"
100000000481716100,terminal,0.8,57,0.052,"Получил 8000 KZT, исходящих связей=0, depth=3"
100000005089460100,terminal,0.8,31,0.047,"Получил 12300 KZT, исходящих связей=0, depth=3"
100000003105929100,peripheral,0.5,11,0.034,"Входов=1, выходов=1, PageRank=0.000301"
100000008379273100,transit,0.944,57,0.096,"Получил 36000 KZT, отправил 38000 KZT, pass=1.06"
100000005357705100,peripheral,0.5,32,0.038,"Входов=1, выходов=4, PageRank=0.000298"
100000003111305100,consolidator,0.833,51,0.169,in_deg=4 >= 3; in_kzt=509338 KZT
100000008503177100,terminal,0.8,32,0.048,"Получил 33951 KZT, исходящих связей=0, depth=3"
100000000955529100,peripheral,0.5,27,0.03,"Входов=1, выходов=1, PageRank=0.000297"
100000008695689100,terminal,0.8,31,0.047,"Получил 26200 KZT, исходящих связей=0, depth=3"
100000004184158100,terminal,0.8,29,0.05,"Получил 203805 KZT, исходящих связей=0, depth=3"
100000005475379100,peripheral,0.5,49,0.042,"Входов=1, выходов=3, PageRank=0.000423"
100000003093299100,terminal,0.8,29,0.047,"Получил 15000 KZT, исходящих связей=0, depth=3"
100000008767027100,terminal,0.8,30,0.047,"Получил 5000 KZT, исходящих связей=0, depth=3"
100000004539443100,terminal,0.8,27,0.097,"Получил 61990 KZT, исходящих связей=0, depth=3"
100000007863304100,terminal,0.8,11,0.047,"Получил 25000 KZT, исходящих связей=0, depth=3"
100000004959752100,terminal,0.8,32,0.076,"Получил 22200 KZT, исходящих связей=0, depth=3"
100000002214664100,peripheral,0.5,31,0.029,"Входов=1, выходов=1, PageRank=0.000288"
100000008192264100,transit,0.846,11,0.082,"Получил 162810 KZT, отправил 187910 KZT, pass=1.15"
100000000942301100,terminal,0.8,29,0.048,"Получил 57580 KZT, исходящих связей=0, depth=3"
100000002578653100,terminal,0.8,0,0.049,"Получил 20000 KZT, исходящих связей=0, depth=3"
100000002511581100,terminal,0.8,31,0.047,"Получил 17600 KZT, исходящих связей=0, depth=3"
100000005610717100,consolidator,0.833,29,0.17,in_deg=4 >= 3; in_kzt=484500 KZT
100000005704413100,distributor,1.0,57,0.213,out_deg=32 >= 10; out_kzt=1363593 KZT
100000000976943100,transit,0.8,49,0.085,"Получил 70000 KZT, отправил 84000 KZT, pass=1.20"
100000008708061100,terminal,0.8,31,0.047,"Получил 8650 KZT, исходящих связей=0, depth=3"
100000003986141100,terminal,0.8,36,0.047,"Получил 5286 KZT, исходящих связей=0, depth=3"
100000005037490100,peripheral,0.5,38,0.033,"Входов=1, выходов=2, PageRank=0.000325"
100000004257714100,terminal,0.8,31,0.048,"Получил 52220 KZT, исходящих связей=0, depth=3"
100000000569479100,terminal,0.8,29,0.056,"Получил 320000 KZT, исходящих связей=0, depth=3"
100000007303047100,terminal,0.8,31,0.048,"Получил 52250 KZT, исходящих связей=0, depth=3"
100000008708743100,terminal,0.8,31,0.047,"Получил 15550 KZT, исходящих связей=0, depth=3"
100000008745863100,terminal,0.8,31,0.047,"Получил 22900 KZT, исходящих связей=0, depth=3"
100000005048668100,peripheral,0.5,32,0.053,"Входов=2, выходов=8, PageRank=0.000290"
100000006522972100,terminal,0.8,11,0.048,"Получил 9515 KZT, исходящих связей=0, depth=3"
100000008759857100,peripheral,0.5,30,0.039,"Входов=1, выходов=2, PageRank=0.000288"
100000005342513100,coordinator,0.95,1,0.228,"PageRank=0.001103 >= q95=0.000979; in=1, out=1"
100000004750897100,terminal,0.8,10,0.059,"Получил 10000 KZT, исходящих связей=0, depth=3"
100000001140785100,terminal,0.8,48,0.061,"Получил 215000 KZT, исходящих связей=0, depth=3"
100000002821425100,terminal,0.8,44,0.05,"Получил 275000 KZT, исходящих связей=0, depth=3"
100000003221510100,peripheral,0.5,29,0.032,"Входов=1, выходов=2, PageRank=0.000288"
100000003031003100,consolidator,0.8,44,0.152,in_deg=3 >= 3; in_kzt=280090 KZT
100000003060187100,terminal,0.8,37,0.049,"Получил 93046 KZT, исходящих связей=0, depth=3"
100000008718811100,terminal,0.8,31,0.048,"Получил 73300 KZT, исходящих связей=0, depth=3"
100000008043184100,terminal,0.8,36,0.048,"Получил 50564 KZT, исходящих связей=0, depth=3"
100000002530224100,terminal,0.8,48,0.048,"Получил 113000 KZT, исходящих связей=0, depth=3"
100000008754608100,terminal,0.8,31,0.047,"Получил 12300 KZT, исходящих связей=0, depth=3"
100000006989232100,terminal,0.8,29,0.047,"Получил 22194 KZT, исходящих связей=0, depth=3"
100000006532229100,terminal,0.8,48,0.049,"Получил 105000 KZT, исходящих связей=0, depth=3"
100000005661829100,transit,0.932,37,0.081,"Получил 37790 KZT, отправил 40362 KZT, pass=1.07"
100000004553349100,terminal,0.8,11,0.048,"Получил 7755 KZT, исходящих связей=0, depth=3"
100000002945626100,consolidator,0.8,48,0.156,in_deg=3 >= 3; in_kzt=584000 KZT
100000008775471100,terminal,0.8,30,0.056,"Получил 580000 KZT, исходящих связей=0, depth=3"
100000000404740100,peripheral,0.5,45,0.043,"Узел depth=4, исходящих=0; конец графа, terminal не подтвержден"
100000004268036100,peripheral,0.5,57,0.027,"Узел depth=4, исходящих=0; конец графа, terminal не подтвержден"
100000001256409100,peripheral,0.5,32,0.042,"Узел depth=4, исходящих=0; конец графа, terminal не подтвержден"
100000005360814100,peripheral,0.5,32,0.037,"Узел depth=4, исходящих=0; конец графа, terminal не подтвержден"
100000002369454100,peripheral,0.5,32,0.035,"Узел depth=4, исходящих=0; конец графа, terminal не подтвержден"
100000004272302100,peripheral,0.5,0,0.027,"Узел depth=4, исходящих=0; конец графа, terminal не подтвержден"
100000008727982100,peripheral,0.5,51,0.04,"Узел depth=4, исходящих=0; конец графа, terminal не подтвержден"
100000000600707100,peripheral,0.5,58,0.044,"Узел depth=4, исходящих=0; конец графа, terminal не подтвержден"
100000004500781100,peripheral,0.5,39,0.05,"Узел depth=4, исходящих=0; конец графа, terminal не подтвержден"
100000008703533100,peripheral,0.5,48,0.028,"Узел depth=4, исходящих=0; конец графа, terminal не подтвержден"
100000004549591100,peripheral,0.5,60,0.036,"Узел depth=4, исходящих=0; конец графа, terminal не подтвержден"
100000002700161100,peripheral,0.5,42,0.063,"Узел depth=4, исходящих=0; конец графа, terminal не подтвержден"
100000003134550100,peripheral,0.5,48,0.029,"Узел depth=4, исходящих=0; конец графа, terminal не подтвержден"
100000001957974100,peripheral,0.5,39,0.033,"Узел depth=4, исходящих=0; конец графа, terminal не подтвержден"
100000001246806100,peripheral,0.5,48,0.042,"Узел depth=4, исходящих=0; конец графа, terminal не подтвержден"
100000003622955100,peripheral,0.5,49,0.088,"Узел depth=4, исходящих=0; конец графа, terminal не подтвержден"
100000003692843100,peripheral,0.5,26,0.045,"Узел depth=4, исходящих=0; конец графа, terminal не подтвержден"
100000008629504100,peripheral,0.5,29,0.028,"Узел depth=4, исходящих=0; конец графа, terminal не подтвержден"
100000005621418100,peripheral,0.5,61,0.028,"Узел depth=4, исходящих=0; конец графа, terminal не подтвержден"
100000004167082100,peripheral,0.5,38,0.033,"Узел depth=4, исходящих=0; конец графа, terminal не подтвержден"
100000004379306100,peripheral,0.5,32,0.041,"Узел depth=4, исходящих=0; конец графа, terminal не подтвержден"
100000004856746100,peripheral,0.5,64,0.028,"Узел depth=4, исходящих=0; конец графа, terminal не подтвержден"
100000004891562100,peripheral,0.5,57,0.031,"Узел depth=4, исходящих=0; конец графа, terminal не подтвержден"
100000007042175100,peripheral,0.5,29,0.042,"Узел depth=4, исходящих=0; конец графа, terminal не подтвержден"
100000002670463100,peripheral,0.5,57,0.028,"Узел depth=4, исходящих=0; конец графа, terminal не подтвержден"
100000005567828100,peripheral,0.5,57,0.03,"Узел depth=4, исходящих=0; конец графа, terminal не подтвержден"
100000004200745100,peripheral,0.5,3,0.046,"Узел depth=4, исходящих=0; конец графа, terminal не подтвержден"
100000003989033100,peripheral,0.5,57,0.048,"Узел depth=4, исходящих=0; конец графа, terminal не подтвержден"
100000005146665100,peripheral,0.5,66,0.027,"Узел depth=4, исходящих=0; конец графа, terminal не подтвержден"
100000003096787100,peripheral,0.5,57,0.027,"Узел depth=4, исходящих=0; конец графа, terminal не подтвержден"
100000003074515100,peripheral,0.5,48,0.029,"Узел depth=4, исходящих=0; конец графа, terminal не подтвержден"
100000004377043100,peripheral,0.5,64,0.031,"Узел depth=4, исходящих=0; конец графа, terminal не подтвержден"
100000008680061100,peripheral,0.5,11,0.029,"Узел depth=4, исходящих=0; конец графа, terminal не подтвержден"
100000008471634100,peripheral,0.5,45,0.076,"Узел depth=4, исходящих=0; конец графа, terminal не подтвержден"
100000002119762100,peripheral,0.5,11,0.042,"Узел depth=4, исходящих=0; конец графа, terminal не подтвержден"
100000008628818100,peripheral,0.5,57,0.028,"Узел depth=4, исходящих=0; конец графа, terminal не подтвержден"
100000007510567100,peripheral,0.5,57,0.028,"Узел depth=4, исходящих=0; конец графа, terminal не подтвержден"
100000004780327100,peripheral,0.5,57,0.027,"Узел depth=4, исходящих=0; конец графа, terminal не подтвержден"
100000008376785100,peripheral,0.5,11,0.043,"Узел depth=4, исходящих=0; конец графа, terminal не подтвержден"
100000005745873100,peripheral,0.5,63,0.031,"Узел depth=4, исходящих=0; конец графа, terminal не подтвержден"
100000002594214100,peripheral,0.5,65,0.04,"Узел depth=4, исходящих=0; конец графа, terminal не подтвержден"
100000001299323100,peripheral,0.5,48,0.029,"Узел depth=4, исходящих=0; конец графа, terminal не подтвержден"
100000003838587100,peripheral,0.5,39,0.043,"Узел depth=4, исходящих=0; конец графа, terminal не подтвержден"
100000000673915100,peripheral,0.5,53,0.027,"Узел depth=4, исходящих=0; конец графа, terminal не подтвержден"
100000003061115100,peripheral,0.5,29,0.042,"Узел depth=4, исходящих=0; конец графа, terminal не подтвержден"
100000004326224100,peripheral,0.5,11,0.042,"Узел depth=4, исходящих=0; конец графа, terminal не подтвержден"
100000004988240100,peripheral,0.5,29,0.041,"Узел depth=4, исходящих=0; конец графа, terminal не подтвержден"
100000008525136100,peripheral,0.5,29,0.027,"Узел depth=4, исходящих=0; конец графа, terminal не подтвержден"
100000001991973100,peripheral,0.5,57,0.028,"Узел depth=4, исходящих=0; конец графа, terminal не подтвержден"
100000004569637100,peripheral,0.5,32,0.042,"Узел depth=4, исходящих=0; конец графа, terminal не подтвержден"
100000008675322100,peripheral,0.5,53,0.032,"Узел depth=4, исходящих=0; конец графа, terminal не подтвержден"
100000004235471100,peripheral,0.5,11,0.032,"Узел depth=4, исходящих=0; конец графа, terminal не подтвержден"
100000003194831100,peripheral,0.5,57,0.027,"Узел depth=4, исходящих=0; конец графа, terminal не подтвержден"
100000008588665100,peripheral,0.5,29,0.031,"Узел depth=4, исходящих=0; конец графа, terminal не подтвержден"
100000003230329100,peripheral,0.5,48,0.029,"Узел depth=4, исходящих=0; конец графа, terminal не подтвержден"
100000002217806100,peripheral,0.5,60,0.038,"Узел depth=4, исходящих=0; конец графа, terminal не подтвержден"
100000004041294100,peripheral,0.5,45,0.028,"Узел depth=4, исходящих=0; конец графа, terminal не подтвержден"
100000008583971100,peripheral,0.5,29,0.04,"Узел depth=4, исходящих=0; конец графа, terminal не подтвержден"
100000008251939100,peripheral,0.5,57,0.028,"Узел depth=4, исходящих=0; конец графа, terminal не подтвержден"
100000004049912100,peripheral,0.5,37,0.029,"Узел depth=4, исходящих=0; конец графа, terminal не подтвержден"
100000002227960100,peripheral,0.5,47,0.028,"Узел depth=4, исходящих=0; конец графа, terminal не подтвержден"
100000008677368100,peripheral,0.5,24,0.041,"Узел depth=4, исходящих=0; конец графа, terminal не подтвержден"
100000008631800100,peripheral,0.5,57,0.027,"Узел depth=4, исходящих=0; конец графа, terminal не подтвержден"
100000003220685100,peripheral,0.5,11,0.052,"Узел depth=4, исходящих=0; конец графа, terminal не подтвержден"
100000003072205100,peripheral,0.5,48,0.041,"Узел depth=4, исходящих=0; конец графа, terminal не подтвержден"
100000001202637100,peripheral,0.5,57,0.042,"Узел depth=4, исходящих=0; конец графа, terminal не подтвержден"
100000002835874100,peripheral,0.5,48,0.028,"Узел depth=4, исходящих=0; конец графа, terminal не подтвержден"
100000002707106100,peripheral,0.5,39,0.027,"Узел depth=4, исходящих=0; конец графа, terminal не подтвержден"
100000008343415100,peripheral,0.5,32,0.036,"Узел depth=4, исходящих=0; конец графа, terminal не подтвержден"
100000004981068100,peripheral,0.5,27,0.032,"Узел depth=4, исходящих=0; конец графа, terminal не подтвержден"
100000004241142100,peripheral,0.5,29,0.041,"Узел depth=4, исходящих=0; конец графа, terminal не подтвержден"
100000008190411100,peripheral,0.5,54,0.037,"Узел depth=4, исходящих=0; конец графа, terminal не подтвержден"
100000008699083100,peripheral,0.5,44,0.03,"Узел depth=4, исходящих=0; конец графа, terminal не подтвержден"
100000008136608100,peripheral,0.5,57,0.044,"Узел depth=4, исходящих=0; конец графа, terminal не подтвержден"
100000008695157100,peripheral,0.5,32,0.043,"Узел depth=4, исходящих=0; конец графа, terminal не подтвержден"
100000000369781100,peripheral,0.5,11,0.041,"Узел depth=4, исходящих=0; конец графа, terminal не подтвержден"
100000003133045100,peripheral,0.5,54,0.03,"Узел depth=4, исходящих=0; конец графа, terminal не подтвержден"
100000002474570100,peripheral,0.5,57,0.027,"Узел depth=4, исходящих=0; конец графа, terminal не подтвержден"
100000002514975100,peripheral,0.5,61,0.041,"Узел depth=4, исходящих=0; конец графа, terminal не подтвержден"
100000001089055100,peripheral,0.5,36,0.03,"Узел depth=4, исходящих=0; конец графа, terminal не подтвержден"
100000000608031100,peripheral,0.5,36,0.042,"Узел depth=4, исходящих=0; конец графа, terminal не подтвержден"
100000002659103100,peripheral,0.5,55,0.032,"Узел depth=4, исходящих=0; конец графа, terminal не подтвержден"
100000000733940100,peripheral,0.5,59,0.04,"Узел depth=4, исходящих=0; конец графа, terminal не подтвержден"
100000001537524100,peripheral,0.5,44,0.029,"Узел depth=4, исходящих=0; конец графа, terminal не подтвержден"
100000002971593100,peripheral,0.5,11,0.041,"Узел depth=4, исходящих=0; конец графа, terminal не подтвержден"
100000006918814100,peripheral,0.5,29,0.028,"Узел depth=4, исходящих=0; конец графа, terminal не подтвержден"
100000007381662100,peripheral,0.5,29,0.028,"Узел depth=4, исходящих=0; конец графа, terminal не подтвержден"
100000003199390100,peripheral,0.5,11,0.034,"Узел depth=4, исходящих=0; конец графа, terminal не подтвержден"
100000007749747100,peripheral,0.5,48,0.036,"Узел depth=4, исходящих=0; конец графа, terminal не подтвержден"
100000003447411100,peripheral,0.5,32,0.031,"Узел depth=4, исходящих=0; конец графа, terminal не подтвержден"
100000000500040100,peripheral,0.5,29,0.028,"Узел depth=4, исходящих=0; конец графа, terminal не подтвержден"
100000008551752100,peripheral,0.5,63,0.034,"Узел depth=4, исходящих=0; конец графа, terminal не подтвержден"
100000002876914100,peripheral,0.5,57,0.027,"Узел depth=4, исходящих=0; конец графа, terminal не подтвержден"
100000004571634100,peripheral,0.5,49,0.032,"Узел depth=4, исходящих=0; конец графа, terminal не подтвержден"
100000004610802100,peripheral,0.5,52,0.04,"Узел depth=4, исходящих=0; конец графа, terminal не подтвержден"
100000001311175100,peripheral,0.5,44,0.044,"Узел depth=4, исходящих=0; конец графа, terminal не подтвержден"
100000008740295100,peripheral,0.5,48,0.032,"Узел depth=4, исходящих=0; конец графа, terminal не подтвержден"
100000002596039100,peripheral,0.5,32,0.03,"Узел depth=4, исходящих=0; конец графа, terminal не подтвержден"
100000002126791100,peripheral,0.5,48,0.054,"Узел depth=4, исходящих=0; конец графа, terminal не подтвержден"
100000005783452100,peripheral,0.5,44,0.041,"Узел depth=4, исходящих=0; конец графа, terminal не подтвержден"
100000006693788100,peripheral,0.5,29,0.041,"Узел depth=4, исходящих=0; конец графа, terminal не подтвержден"
100000002832753100,peripheral,0.5,10,0.054,"Узел depth=4, исходящих=0; конец графа, terminal не подтвержден"
100000002981489100,peripheral,0.5,11,0.027,"Узел depth=4, исходящих=0; конец графа, terminal не подтвержден"
100000003084870100,peripheral,0.5,44,0.03,"Узел depth=4, исходящих=0; конец графа, terminal не подтвержден"
100000002791494100,peripheral,0.5,57,0.029,"Узел depth=4, исходящих=0; конец графа, terminal не подтвержден"
100000003345947100,peripheral,0.5,32,0.04,"Узел depth=4, исходящих=0; конец графа, terminal не подтвержден"
100000002733083100,peripheral,0.5,57,0.027,"Узел depth=4, исходящих=0; конец графа, terminal не подтвержден"
100000003247600100,peripheral,0.5,29,0.059,"Узел depth=4, исходящих=0; конец графа, terminal не подтвержден"
100000001378288100,peripheral,0.5,32,0.043,"Узел depth=4, исходящих=0; конец графа, terminal не подтвержден"
100000002305477100,peripheral,0.5,47,0.029,"Узел depth=4, исходящих=0; конец графа, terminal не подтвержден"
100000006638021100,peripheral,0.5,30,0.056,"Узел depth=4, исходящих=0; конец графа, terminal не подтвержден"
100000008517061100,peripheral,0.5,39,0.05,"Узел depth=4, исходящих=0; конец графа, terminal не подтвержден"
100000005910895100,peripheral,0.5,49,0.045,"Узел depth=4, исходящих=0; конец графа, terminal не подтвержден"
100000002723439100,peripheral,0.5,49,0.043,"Узел depth=4, исходящих=0; конец графа, terminal не подтвержден"
100000002320495100,peripheral,0.5,36,0.041,"Узел depth=4, исходящих=0; конец графа, terminal не подтвержден"
100000002229615100,peripheral,0.5,47,0.052,"Узел depth=4, исходящих=0; конец графа, terminal не подтвержден"
100000008327791100,peripheral,0.5,36,0.042,"Узел depth=4, исходящих=0; конец графа, terminal не подтвержден"
100000002208836100,peripheral,0.5,11,0.03,"Узел depth=4, исходящих=0; конец графа, terminal не подтвержден"
100000001724740100,peripheral,0.5,48,0.043,"Узел depth=4, исходящих=0; конец графа, terminal не подтвержден"
100000004386286100,peripheral,0.5,3,0.045,"Узел depth=4, исходящих=0; конец графа, terminal не подтвержден"
100000001714883100,peripheral,0.5,57,0.027,"Узел depth=4, исходящих=0; конец графа, terminal не подтвержден"
100000008337304100,peripheral,0.5,32,0.032,"Узел depth=4, исходящих=0; конец графа, terminal не подтвержден"
100000000655469100,peripheral,0.5,47,0.031,"Узел depth=4, исходящих=0; конец графа, terminal не подтвержден"
100000008722541100,peripheral,0.5,11,0.035,"Узел depth=4, исходящих=0; конец графа, terminal не подтвержден"
100000004222274100,peripheral,0.5,29,0.042,"Узел depth=4, исходящих=0; конец графа, terminal не подтвержден"
100000006232642100,peripheral,0.5,46,0.039,"Узел depth=4, исходящих=0; конец графа, terminal не подтвержден"
100000004066370100,peripheral,0.5,58,0.045,"Узел depth=4, исходящих=0; конец графа, terminal не подтвержден"
100000005685783100,peripheral,0.5,31,0.041,"Узел depth=4, исходящих=0; конец графа, terminal не подтвержден"
100000006171671100,peripheral,0.5,29,0.041,"Узел depth=4, исходящих=0; конец графа, terminal не подтвержден"
100000003481025100,peripheral,0.5,29,0.041,"Узел depth=4, исходящих=0; конец графа, terminal не подтвержден"
100000003646145100,peripheral,0.5,13,0.048,"Узел depth=4, исходящих=0; конец графа, terminal не подтвержден"
100000002659265100,peripheral,0.5,48,0.03,"Узел depth=4, исходящих=0; конец графа, terminal не подтвержден"
100000003289281100,peripheral,0.5,29,0.045,"Узел depth=4, исходящих=0; конец графа, terminal не подтвержден"
100000004840086100,peripheral,0.5,29,0.042,"Узел depth=4, исходящих=0; конец графа, terminal не подтвержден"
100000008554390100,peripheral,0.5,57,0.027,"Узел depth=4, исходящих=0; конец графа, terminal не подтвержден"
100000004691350100,peripheral,0.5,43,0.062,"Узел depth=4, исходящих=0; конец графа, terminal не подтвержден"
100000004652395100,consolidator,0.8,29,0.151,in_deg=3 >= 3; in_kzt=101528 KZT
100000004979264100,peripheral,0.5,48,0.035,"Узел depth=4, исходящих=0; конец графа, terminal не подтвержден"
100000008074304100,peripheral,0.5,11,0.03,"Узел depth=4, исходящих=0; конец графа, terminal не подтвержден"
100000002227989100,peripheral,0.5,47,0.033,"Узел depth=4, исходящих=0; конец графа, terminal не подтвержден"
100000003207060100,peripheral,0.5,29,0.036,"Узел depth=4, исходящих=0; конец графа, terminal не подтвержден"
100000004601193100,peripheral,0.5,49,0.046,"Узел depth=4, исходящих=0; конец графа, terminal не подтвержден"
100000004991593100,peripheral,0.5,32,0.031,"Узел depth=4, исходящих=0; конец графа, terminal не подтвержден"
100000003128638100,peripheral,0.5,48,0.034,"Узел depth=4, исходящих=0; конец графа, terminal не подтвержден"
100000005878334100,peripheral,0.5,32,0.034,"Узел depth=4, исходящих=0; конец графа, terminal не подтвержден"
100000002878483100,peripheral,0.5,57,0.027,"Узел depth=4, исходящих=0; конец графа, terminal не подтвержден"
100000000981693100,peripheral,0.5,29,0.041,"Узел depth=4, исходящих=0; конец графа, terminal не подтвержден"
100000006416061100,peripheral,0.5,29,0.036,"Узел depth=4, исходящих=0; конец графа, terminal не подтвержден"
100000008168850100,peripheral,0.5,11,0.043,"Узел depth=4, исходящих=0; конец графа, terminal не подтвержден"
100000004747154100,peripheral,0.5,54,0.03,"Узел depth=4, исходящих=0; конец графа, terminal не подтвержден"
100000008524903100,peripheral,0.5,29,0.03,"Узел depth=4, исходящих=0; конец графа, terminal не подтвержден"
100000005049404100,peripheral,0.5,11,0.029,"Узел depth=4, исходящих=0; конец графа, terminal не подтвержден"
100000002258492100,peripheral,0.5,15,0.042,"Узел depth=4, исходящих=0; конец графа, terminal не подтвержден"
100000005497148100,peripheral,0.5,11,0.039,"Узел depth=4, исходящих=0; конец графа, terminal не подтвержден"
100000004596284100,peripheral,0.5,16,0.045,"Узел depth=4, исходящих=0; конец графа, terminal не подтвержден"
100000007960337100,peripheral,0.5,32,0.028,"Узел depth=4, исходящих=0; конец графа, terminal не подтвержден"
100000003180305100,peripheral,0.5,29,0.042,"Узел depth=4, исходящих=0; конец графа, terminal не подтвержден"
100000007653094100,peripheral,0.5,29,0.044,"Узел depth=4, исходящих=0; конец графа, terminal не подтвержден"
100000008175078100,peripheral,0.5,53,0.053,"Узел depth=4, исходящих=0; конец графа, terminal не подтвержден"
100000004263867100,peripheral,0.5,57,0.027,"Узел depth=4, исходящих=0; конец графа, terminal не подтвержден"
100000002194320100,peripheral,0.5,10,0.041,"Узел depth=4, исходящих=0; конец графа, terminal не подтвержден"
100000001222245100,peripheral,0.5,11,0.046,"Узел depth=4, исходящих=0; конец графа, terminal не подтвержден"
100000008151098100,peripheral,0.5,61,0.029,"Узел depth=4, исходящих=0; конец графа, terminal не подтвержден"
100000008735802100,peripheral,0.5,29,0.041,"Узел depth=4, исходящих=0; конец графа, terminal не подтвержден"
100000004047887100,peripheral,0.5,65,0.027,"Узел depth=4, исходящих=0; конец графа, terminal не подтвержден"
100000003146511100,peripheral,0.5,38,0.029,"Узел depth=4, исходящих=0; конец графа, terminal не подтвержден"
100000007511780100,peripheral,0.5,29,0.044,"Узел depth=4, исходящих=0; конец графа, terminal не подтвержден"
100000007867364100,peripheral,0.5,37,0.037,"Узел depth=4, исходящих=0; конец графа, terminal не подтвержден"
100000006288612100,peripheral,0.5,32,0.028,"Узел depth=4, исходящих=0; конец графа, terminal не подтвержден"
100000006735545100,peripheral,0.5,32,0.027,"Узел depth=4, исходящих=0; конец графа, terminal не подтвержден"
100000004403641100,peripheral,0.5,44,0.029,"Узел depth=4, исходящих=0; конец графа, terminal не подтвержден"
100000003370425100,peripheral,0.5,29,0.048,"Узел depth=4, исходящих=0; конец графа, terminal не подтвержден"
100000004350094100,peripheral,0.5,37,0.062,"Узел depth=4, исходящих=0; конец графа, terminal не подтвержден"
100000004911971100,peripheral,0.5,53,0.027,"Узел depth=4, исходящих=0; конец графа, terminal не подтвержден"
100000001202787100,peripheral,0.5,29,0.041,"Узел depth=4, исходящих=0; конец графа, terminal не подтвержден"
100000008469048100,peripheral,0.5,29,0.046,"Узел depth=4, исходящих=0; конец графа, terminal не подтвержден"
100000002635746100,peripheral,0.5,57,0.027,"Узел depth=4, исходящих=0; конец графа, terminal не подтвержден"
100000008321975100,peripheral,0.5,47,0.028,"Узел depth=4, исходящих=0; конец графа, terminal не подтвержден"
100000003078839100,peripheral,0.5,32,0.029,"Узел depth=4, исходящих=0; конец графа, terminal не подтвержден"
100000004006327100,peripheral,0.5,48,0.045,"Узел depth=4, исходящих=0; конец графа, terminal не подтвержден"
100000007865484100,peripheral,0.5,63,0.036,"Узел depth=4, исходящих=0; конец графа, terminal не подтвержден"
100000005367180100,peripheral,0.5,32,0.056,"Узел depth=4, исходящих=0; конец графа, terminal не подтвержден"
100000001669260100,peripheral,0.5,32,0.047,"Узел depth=4, исходящих=0; конец графа, terminal не подтвержден"
100000001297206100,peripheral,0.5,29,0.028,"Узел depth=4, исходящих=0; конец графа, terminal не подтвержден"
100000002645046100,peripheral,0.5,57,0.027,"Узел depth=4, исходящих=0; конец графа, terminal не подтвержден"
100000006308406100,peripheral,0.5,47,0.043,"Узел depth=4, исходящих=0; конец графа, terminal не подтвержден"
100000002728246100,peripheral,0.5,11,0.042,"Узел depth=4, исходящих=0; конец графа, terminal не подтвержден"
100000001590795100,peripheral,0.5,57,0.027,"Узел depth=4, исходящих=0; конец графа, terminal не подтвержден"
100000006257675100,peripheral,0.5,47,0.033,"Узел depth=4, исходящих=0; конец графа, terminal не подтвержден"
100000002130400100,peripheral,0.5,58,0.029,"Узел depth=4, исходящих=0; конец графа, terminal не подтвержден"
100000000557536100,peripheral,0.5,53,0.029,"Узел depth=4, исходящих=0; конец графа, terminal не подтвержден"
100000002689717100,peripheral,0.5,57,0.028,"Узел depth=4, исходящих=0; конец графа, terminal не подтвержден"
100000005189258100,peripheral,0.5,11,0.029,"Узел depth=4, исходящих=0; конец графа, terminal не подтвержден"
100000002748511100,peripheral,0.5,16,0.043,"Узел depth=4, исходящих=0; конец графа, terminal не подтвержден"
100000002371892100,peripheral,0.5,26,0.028,"Узел depth=4, исходящих=0; конец графа, terminal не подтвержден"
100000008130868100,peripheral,0.5,44,0.037,"Узел depth=4, исходящих=0; конец графа, terminal не подтвержден"
100000007153161100,peripheral,0.5,29,0.041,"Узел depth=4, исходящих=0; конец графа, terminal не подтвержден"
100000002994441100,peripheral,0.5,32,0.042,"Узел depth=4, исходящих=0; конец графа, terminal не подтвержден"
100000001065481100,peripheral,0.5,38,0.036,"Узел depth=4, исходящих=0; конец графа, terminal не подтвержден"
100000007731977100,peripheral,0.5,29,0.03,"Узел depth=4, исходящих=0; конец графа, terminal не подтвержден"
100000003252446100,peripheral,0.5,48,0.029,"Узел depth=4, исходящих=0; конец графа, terminal не подтвержден"
100000002671326100,peripheral,0.5,48,0.056,"Узел depth=4, исходящих=0; конец графа, terminal не подтвержден"
100000005087923100,peripheral,0.5,51,0.037,"Узел depth=4, исходящих=0; конец графа, terminal не подтвержден"
100000008770483100,peripheral,0.5,30,0.027,"Узел depth=4, исходящих=0; конец графа, terminal не подтвержден"
100000002748040100,peripheral,0.5,57,0.027,"Узел depth=4, исходящих=0; конец графа, terminal не подтвержден"
100000004800648100,peripheral,0.5,32,0.031,"Узел depth=4, исходящих=0; конец графа, terminal не подтвержден"
100000005025629100,peripheral,0.5,11,0.029,"Узел depth=4, исходящих=0; конец графа, terminal не подтвержден"
100000000581682100,peripheral,0.5,64,0.027,"Узел depth=4, исходящих=0; конец графа, terminal не подтвержден"
100000004976946100,peripheral,0.5,63,0.031,"Узел depth=4, исходящих=0; конец графа, terminal не подтвержден"
100000000957746100,peripheral,0.5,36,0.031,"Узел depth=4, исходящих=0; конец графа, terminal не подтвержден"
100000003001138100,peripheral,0.5,64,0.029,"Узел depth=4, исходящих=0; конец графа, terminal не подтвержден"
100000001325618100,peripheral,0.5,57,0.027,"Узел depth=4, исходящих=0; конец графа, terminal не подтвержден"
100000003792647100,peripheral,0.5,11,0.034,"Узел depth=4, исходящих=0; конец графа, terminal не подтвержден"
100000004107228100,peripheral,0.5,27,0.027,"Узел depth=4, исходящих=0; конец графа, terminal не подтвержден"
100000003500764100,peripheral,0.5,36,0.041,"Узел depth=4, исходящих=0; конец графа, terminal не подтвержден"
100000004261340100,peripheral,0.5,29,0.031,"Узел depth=4, исходящих=0; конец графа, terminal не подтвержден"
100000008172721100,peripheral,0.5,32,0.035,"Узел depth=4, исходящих=0; конец графа, terminal не подтвержден"
100000005079473100,peripheral,0.5,32,0.03,"Узел depth=4, исходящих=0; конец графа, terminal не подтвержден"
100000004850609100,peripheral,0.5,11,0.029,"Узел depth=4, исходящих=0; конец графа, terminal не подтвержден"
100000005042822100,peripheral,0.5,59,0.045,"Узел depth=4, исходящих=0; конец графа, terminal не подтвержден"
100000002794374100,peripheral,0.5,30,0.032,"Узел depth=4, исходящих=0; конец графа, terminal не подтвержден"
100000002860934100,peripheral,0.5,64,0.046,"Узел depth=4, исходящих=0; конец графа, terminal не подтвержден"
100000003097947100,peripheral,0.5,32,0.029,"Узел depth=4, исходящих=0; конец графа, terminal не подтвержден"
100000004260869100,peripheral,0.5,16,0.059,"Узел depth=4, исходящих=0; конец графа, terminal не подтвержден"
100000008762885100,peripheral,0.5,48,0.027,"Узел depth=4, исходящих=0; конец графа, terminal не подтвержден"
100000002986245100,peripheral,0.5,57,0.027,"Узел depth=4, исходящих=0; конец графа, terminal не подтвержден"
100000001471706100,peripheral,0.5,15,0.045,"Узел depth=4, исходящих=0; конец графа, terminal не подтвержден"
100000002304943100,peripheral,0.5,47,0.028,"Узел depth=4, исходящих=0; конец графа, terminal не подтвержден"
100000002695812100,peripheral,0.5,57,0.03,"Узел depth=4, исходящих=0; конец графа, terminal не подтвержден"
100000008761220100,peripheral,0.5,48,0.027,"Узел depth=4, исходящих=0; конец графа, terminal не подтвержден"
100000004890713100,peripheral,0.5,57,0.028,"Узел depth=4, исходящих=0; конец графа, terminal не подтвержден"
100000003083865100,peripheral,0.5,57,0.027,"Узел depth=4, исходящих=0; конец графа, terminal не подтвержден"
100000004030553100,peripheral,0.5,32,0.042,"Узел depth=4, исходящих=0; конец графа, terminal не подтвержден"
100000002653187100,peripheral,0.5,32,0.038,"Узел depth=4, исходящих=0; конец графа, terminal не подтвержден"
100000006412162100,peripheral,0.5,57,0.028,"Узел depth=4, исходящих=0; конец графа, terminal не подтвержден"
100000004674178100,peripheral,0.5,45,0.028,"Узел depth=4, исходящих=0; конец графа, terminal не подтвержден"
100000004070530100,peripheral,0.5,65,0.027,"Узел depth=4, исходящих=0; конец графа, terminal не подтвержден"
100000006706519100,peripheral,0.5,29,0.033,"Узел depth=4, исходящих=0; конец графа, terminal не подтвержден"
100000005636951100,peripheral,0.5,51,0.047,"Узел depth=4, исходящих=0; конец графа, terminal не подтвержден"
100000003040087100,peripheral,0.5,57,0.028,"Узел depth=4, исходящих=0; конец графа, terminal не подтвержден"
100000008766764100,peripheral,0.5,48,0.027,"Узел depth=4, исходящих=0; конец графа, terminal не подтвержден"
100000000299820100,peripheral,0.5,32,0.037,"Узел depth=4, исходящих=0; конец графа, terminal не подтвержден"
100000008349740100,peripheral,0.5,53,0.028,"Узел depth=4, исходящих=0; конец графа, terminal не подтвержден"
100000008761132100,peripheral,0.5,48,0.027,"Узел depth=4, исходящих=0; конец графа, terminal не подтвержден"
100000002540033100,peripheral,0.5,30,0.045,"Узел depth=4, исходящих=0; конец графа, terminal не подтвержден"
100000001845505100,peripheral,0.5,32,0.045,"Узел depth=4, исходящих=0; конец графа, terminal не подтвержден"
100000003782913100,peripheral,0.5,39,0.029,"Узел depth=4, исходящих=0; конец графа, terminal не подтвержден"
100000008778753100,peripheral,0.5,45,0.027,"Узел depth=4, исходящих=0; конец графа, terminal не подтвержден"
100000008710913100,peripheral,0.5,48,0.027,"Узел depth=4, исходящих=0; конец графа, terminal не подтвержден"
100000005495211100,peripheral,0.5,29,0.043,"Узел depth=4, исходящих=0; конец графа, terminal не подтвержден"
100000004013952100,peripheral,0.5,29,0.041,"Узел depth=4, исходящих=0; конец графа, terminal не подтвержден"
100000007330432100,peripheral,0.5,26,0.046,"Узел depth=4, исходящих=0; конец графа, terminal не подтвержден"
100000000737152100,peripheral,0.5,29,0.031,"Узел depth=4, исходящих=0; конец графа, terminal не подтвержден"
100000004674389100,peripheral,0.5,49,0.031,"Узел depth=4, исходящих=0; конец графа, terminal не подтвержден"
100000002529877100,peripheral,0.5,44,0.03,"Узел depth=4, исходящих=0; конец графа, terminal не подтвержден"
100000004035925100,peripheral,0.5,33,0.046,"Узел depth=4, исходящих=0; конец графа, terminal не подтвержден"
100000002188586100,peripheral,0.5,57,0.028,"Узел depth=4, исходящих=0; конец графа, terminal не подтвержден"
100000008050986100,peripheral,0.5,11,0.029,"Узел depth=4, исходящих=0; конец графа, terminal не подтвержден"
100000004777215100,peripheral,0.5,47,0.038,"Узел depth=4, исходящих=0; конец графа, terminal не подтвержден"
100000000926078100,peripheral,0.5,32,0.042,"Узел depth=4, исходящих=0; конец графа, terminal не подтвержден"
100000003486846100,peripheral,0.5,16,0.041,"Узел depth=4, исходящих=0; конец графа, terminal не подтвержден"
100000002516862100,peripheral,0.5,52,0.031,"Узел depth=4, исходящих=0; конец графа, terminal не подтвержден"
100000008730238100,peripheral,0.5,48,0.044,"Узел depth=4, исходящих=0; конец графа, terminal не подтвержден"
100000000803368100,peripheral,0.5,39,0.043,"Узел depth=4, исходящих=0; конец графа, terminal не подтвержден"
100000002528978100,peripheral,0.5,57,0.027,"Узел depth=4, исходящих=0; конец графа, terminal не подтвержден"
100000002597074100,peripheral,0.5,29,0.028,"Узел depth=4, исходящих=0; конец графа, terminal не подтвержден"
100000003631015100,peripheral,0.5,63,0.031,"Узел depth=4, исходящих=0; конец графа, terminal не подтвержден"
100000008255655100,peripheral,0.5,36,0.041,"Узел depth=4, исходящих=0; конец графа, terminal не подтвержден"
100000004265639100,peripheral,0.5,32,0.042,"Узел depth=4, исходящих=0; конец графа, terminal не подтвержден"
100000002726055100,peripheral,0.5,47,0.03,"Узел depth=4, исходящих=0; конец графа, terminal не подтвержден"
100000003696422100,peripheral,0.5,59,0.052,"Узел depth=4, исходящих=0; конец графа, terminal не подтвержден"
100000007745062100,peripheral,0.5,3,0.047,"Узел depth=4, исходящих=0; конец графа, terminal не подтвержден"
100000005041147100,peripheral,0.5,29,0.041,"Узел depth=4, исходящих=0; конец графа, terminal не подтвержден"
100000003819173100,peripheral,0.5,32,0.029,"Узел depth=4, исходящих=0; конец графа, terminal не подтвержден"
100000001275557100,peripheral,0.5,41,0.031,"Узел depth=4, исходящих=0; конец графа, terminal не подтвержден"
100000002706810100,peripheral,0.5,57,0.029,"Узел depth=4, исходящих=0; конец графа, terminal не подтвержден"
100000002896506100,peripheral,0.5,11,0.029,"Узел depth=4, исходящих=0; конец графа, terminal не подтвержден"
100000008766031100,peripheral,0.5,48,0.027,"Узел depth=4, исходящих=0; конец графа, terminal не подтвержден"
100000008758607100,peripheral,0.5,48,0.027,"Узел depth=4, исходящих=0; конец графа, terminal не подтвержден"
100000008648783100,peripheral,0.5,57,0.027,"Узел depth=4, исходящих=0; конец графа, terminal не подтвержден"
100000004291663100,peripheral,0.5,29,0.029,"Узел depth=4, исходящих=0; конец графа, terminal не подтвержден"
100000003037476100,consolidator,0.8,48,0.157,in_deg=3 >= 3; in_kzt=555000 KZT
100000008715513100,peripheral,0.5,57,0.028,"Узел depth=4, исходящих=0; конец графа, terminal не подтвержден"
100000001276409100,peripheral,0.5,57,0.03,"Узел depth=4, исходящих=0; конец графа, terminal не подтвержден"
100000003232675100,peripheral,0.5,38,0.034,"Узел depth=4, исходящих=0; конец графа, terminal не подтвержден"
100000007988344100,peripheral,0.5,29,0.033,"Узел depth=4, исходящих=0; конец графа, terminal не подтвержден"
100000003047800100,peripheral,0.5,44,0.032,"Узел depth=4, исходящих=0; конец графа, terminal не подтвержден"
100000003230328100,consolidator,0.8,29,0.152,in_deg=3 >= 3; in_kzt=26572 KZT
100000002702968100,peripheral,0.5,57,0.028,"Узел depth=4, исходящих=0; конец графа, terminal не подтвержден"
100000004788983100,peripheral,0.5,29,0.032,"Узел depth=4, исходящих=0; конец графа, terminal не подтвержден"
100000006490615100,peripheral,0.5,38,0.034,"Узел depth=4, исходящих=0; конец графа, terminal не подтвержден"
100000008745676100,peripheral,0.5,31,0.041,"Узел depth=4, исходящих=0; конец графа, terminal не подтвержден"
100000001598625100,peripheral,0.5,32,0.035,"Узел depth=4, исходящих=0; конец графа, terminal не подтвержден"
100000008461217100,peripheral,0.5,42,0.042,"Узел depth=4, исходящих=0; конец графа, terminal не подтвержден"
100000005711521100,peripheral,0.5,38,0.043,"Узел depth=4, исходящих=0; конец графа, terminal не подтвержден"
100000002713974100,peripheral,0.5,32,0.03,"Узел depth=4, исходящих=0; конец графа, terminal не подтвержден"
100000005272139100,peripheral,0.5,16,0.055,"Узел depth=4, исходящих=0; конец графа, terminal не подтвержден"
100000002968096100,peripheral,0.5,32,0.029,"Узел depth=4, исходящих=0; конец графа, terminal не подтвержден"
100000004449824100,peripheral,0.5,57,0.027,"Узел depth=4, исходящих=0; конец графа, terminal не подтвержден"
100000004502048100,peripheral,0.5,37,0.03,"Узел depth=4, исходящих=0; конец графа, terminal не подтвержден"
100000002660298100,peripheral,0.5,57,0.028,"Узел depth=4, исходящих=0; конец графа, terminal не подтвержден"
100000001299828100,peripheral,0.5,29,0.043,"Узел depth=4, исходящих=0; конец графа, terminal не подтвержден"
100000000581662100,peripheral,0.5,44,0.028,"Узел depth=4, исходящих=0; конец графа, terminal не подтвержден"
100000001249054100,peripheral,0.5,57,0.027,"Узел depth=4, исходящих=0; конец графа, terminal не подтвержден"
100000008759795100,peripheral,0.5,57,0.028,"Узел depth=4, исходящих=0; конец графа, terminal не подтвержден"
100000001299443100,peripheral,0.5,57,0.027,"Узел depth=4, исходящих=0; конец графа, terminal не подтвержден"
100000007997939100,peripheral,0.5,48,0.031,"Узел depth=4, исходящих=0; конец графа, terminal не подтвержден"
100000003470579100,peripheral,0.5,61,0.046,"Узел depth=4, исходящих=0; конец графа, terminal не подтвержден"
100000008649416100,peripheral,0.5,36,0.041,"Узел depth=4, исходящих=0; конец графа, terminal не подтвержден"
100000008183752100,peripheral,0.5,30,0.042,"Узел depth=4, исходящих=0; конец графа, terminal не подтвержден"
100000003950749100,peripheral,0.5,16,0.033,"Узел depth=4, исходящих=0; конец графа, terminal не подтвержден"
100000005979037100,peripheral,0.5,32,0.03,"Узел depth=4, исходящих=0; конец графа, terminal не подтвержден"
100000008734279100,peripheral,0.5,32,0.028,"Узел depth=4, исходящих=0; конец графа, terminal не подтвержден"
100000005589319100,peripheral,0.5,29,0.029,"Узел depth=4, исходящих=0; конец графа, terminal не подтвержден"
100000003626268100,peripheral,0.5,32,0.041,"Узел depth=4, исходящих=0; конец графа, terminal не подтвержден"
100000001220124100,peripheral,0.5,32,0.042,"Узел depth=4, исходящих=0; конец графа, terminal не подтвержден"
100000003904497100,peripheral,0.5,48,0.03,"Узел depth=4, исходящих=0; конец графа, terminal не подтвержден"
100000001270470100,peripheral,0.5,29,0.035,"Узел depth=4, исходящих=0; конец графа, terminal не подтвержден"
100000003091142100,peripheral,0.5,29,0.034,"Узел depth=4, исходящих=0; конец графа, terminal не подтвержден"
100000001053894100,peripheral,0.5,65,0.053,"Узел depth=4, исходящих=0; конец графа, terminal не подтвержден"
100000004722630100,peripheral,0.5,43,0.042,"Узел depth=4, исходящих=0; конец графа, terminal не подтвержден"
100000004655046100,peripheral,0.5,57,0.043,"Узел depth=4, исходящих=0; конец графа, terminal не подтвержден"
100000004019056100,peripheral,0.5,38,0.042,"Узел depth=4, исходящих=0; конец графа, terminal не подтвержден"
100000008071749100,peripheral,0.5,57,0.028,"Узел depth=4, исходящих=0; конец графа, terminal не подтвержден"
100000008221765100,peripheral,0.5,11,0.043,"Узел depth=4, исходящих=0; конец графа, terminal не подтвержден"
100000008778010100,peripheral,0.5,31,0.042,"Узел depth=4, исходящих=0; конец графа, terminal не подтвержден"
100000004584730100,peripheral,0.5,55,0.028,"Узел depth=4, исходящих=0; конец графа, terminal не подтвержден"
100000004797167100,peripheral,0.5,32,0.043,"Узел depth=4, исходящих=0; конец графа, terminal не подтвержден"
100000005010159100,peripheral,0.5,32,0.046,"Узел depth=4, исходящих=0; конец графа, terminal не подтвержден"
100000003025903100,peripheral,0.5,11,0.044,"Узел depth=4, исходящих=0; конец графа, terminal не подтвержден"
100000003005167100,peripheral,0.5,57,0.027,"Узел depth=4, исходящих=0; конец графа, terminal не подтвержден"
100000002214383100,peripheral,0.5,31,0.043,"Узел depth=4, исходящих=0; конец графа, terminal не подтвержден"
100000004800452100,peripheral,0.5,11,0.046,"Узел depth=4, исходящих=0; конец графа, terminal не подтвержден"
100000006903193100,peripheral,0.5,32,0.028,"Узел depth=4, исходящих=0; конец графа, terminal не подтвержден"
100000007811950100,peripheral,0.5,45,0.042,"Узел depth=4, исходящих=0; конец графа, terminal не подтвержден"
100000000375150100,peripheral,0.5,38,0.056,"Узел depth=4, исходящих=0; конец графа, terminal не подтвержден"
100000008775747100,peripheral,0.5,48,0.027,"Узел depth=4, исходящих=0; конец графа, terminal не подтвержден"
100000006689603100,peripheral,0.5,32,0.032,"Узел depth=4, исходящих=0; конец графа, terminal не подтвержден"
100000005075949100,peripheral,0.5,0,0.073,"Узел depth=4, исходящих=0; конец графа, terminal не подтвержден"
100000003985389100,peripheral,0.5,32,0.042,"Узел depth=4, исходящих=0; конец графа, terminal не подтвержден"
100000002478829100,peripheral,0.5,47,0.033,"Узел depth=4, исходящих=0; конец графа, terminal не подтвержден"
100000003125997100,peripheral,0.5,48,0.043,"Узел depth=4, исходящих=0; конец графа, terminal не подтвержден"
100000003214786100,peripheral,0.5,29,0.035,"Узел depth=4, исходящих=0; конец графа, terminal не подтвержден"
100000008308418100,peripheral,0.5,29,0.036,"Узел depth=4, исходящих=0; конец графа, terminal не подтвержден"
100000008619159100,peripheral,0.5,33,0.035,"Узел depth=4, исходящих=0; конец графа, terminal не подтвержден"
100000004418967100,peripheral,0.5,48,0.037,"Узел depth=4, исходящих=0; конец графа, terminal не подтвержден"
100000003173783100,peripheral,0.5,8,0.031,"Узел depth=4, исходящих=0; конец графа, terminal не подтвержден"
100000002242455100,peripheral,0.5,11,0.042,"Узел depth=4, исходящих=0; конец графа, terminal не подтвержден"
100000004848236100,peripheral,0.5,29,0.028,"Узел depth=4, исходящих=0; конец графа, terminal не подтвержден"
100000004674412100,peripheral,0.5,49,0.039,"Узел depth=4, исходящих=0; конец графа, terminal не подтвержден"
100000007071852100,peripheral,0.5,32,0.038,"Узел depth=4, исходящих=0; конец графа, terminal не подтвержден"
100000001498732100,peripheral,0.5,54,0.027,"Узел depth=4, исходящих=0; конец графа, terminal не подтвержден"
100000000627521100,peripheral,0.5,65,0.027,"Узел depth=4, исходящих=0; конец графа, terminal не подтвержден"
100000003105089100,peripheral,0.5,47,0.028,"Узел depth=4, исходящих=0; конец графа, terminal не подтвержден"
100000003166017100,peripheral,0.5,57,0.027,"Узел depth=4, исходящих=0; конец графа, terminal не подтвержден"
100000002506987100,peripheral,0.5,57,0.028,"Узел depth=4, исходящих=0; конец графа, terminal не подтвержден"
100000005767403100,peripheral,0.5,64,0.082,"Узел depth=4, исходящих=0; конец графа, terminal не подтвержден"
100000005553088100,peripheral,0.5,32,0.028,"Узел depth=4, исходящих=0; конец графа, terminal не подтвержден"
100000003632533100,peripheral,0.5,11,0.035,"Узел depth=4, исходящих=0; конец графа, terminal не подтвержден"
100000008762005100,peripheral,0.5,48,0.027,"Узел depth=4, исходящих=0; конец графа, terminal не подтвержден"
100000002214207100,peripheral,0.5,58,0.051,"Узел depth=4, исходящих=0; конец графа, terminal не подтвержден"
100000003180820100,peripheral,0.5,48,0.029,"Узел depth=4, исходящих=0; конец графа, terminal не подтвержден"
100000003786516100,peripheral,0.5,29,0.027,"Узел depth=4, исходящих=0; конец графа, terminal не подтвержден"
100000005226217100,peripheral,0.5,48,0.033,"Узел depth=4, исходящих=0; конец графа, terminal не подтвержден"
100000001533161100,peripheral,0.5,55,0.03,"Узел depth=4, исходящих=0; конец графа, terminal не подтвержден"
100000007034089100,peripheral,0.5,48,0.041,"Узел depth=4, исходящих=0; конец графа, terminal не подтвержден"
100000008336318100,peripheral,0.5,48,0.031,"Узел depth=4, исходящих=0; конец графа, terminal не подтвержден"
100000005370558100,peripheral,0.5,11,0.028,"Узел depth=4, исходящих=0; конец графа, terminal не подтвержден"
100000002729875100,peripheral,0.5,57,0.029,"Узел depth=4, исходящих=0; конец графа, terminal не подтвержден"
100000006512787100,peripheral,0.5,29,0.041,"Узел depth=4, исходящих=0; конец графа, terminal не подтвержден"
100000003186579100,peripheral,0.5,32,0.041,"Узел depth=4, исходящих=0; конец графа, terminal не подтвержден"
100000004472936100,peripheral,0.5,38,0.041,"Узел depth=4, исходящих=0; конец графа, terminal не подтвержден"
100000002231144100,peripheral,0.5,47,0.032,"Узел depth=4, исходящих=0; конец графа, terminal не подтвержден"
100000002505277100,peripheral,0.5,29,0.034,"Узел depth=4, исходящих=0; конец графа, terminal не подтвержден"
100000003177533100,peripheral,0.5,32,0.03,"Узел depth=4, исходящих=0; конец графа, terminal не подтвержден"
100000005888829100,peripheral,0.5,48,0.03,"Узел depth=4, исходящих=0; конец графа, terminal не подтвержден"
100000002242066100,peripheral,0.5,34,0.042,"Узел depth=4, исходящих=0; конец графа, terminal не подтвержден"
100000008027922100,peripheral,0.5,41,0.04,"Узел depth=4, исходящих=0; конец графа, terminal не подтвержден"
100000002686226100,peripheral,0.5,36,0.052,"Узел depth=4, исходящих=0; конец графа, terminal не подтвержден"
100000001065234100,peripheral,0.5,10,0.045,"Узел depth=4, исходящих=0; конец графа, terminal не подтвержден"
100000000424935100,peripheral,0.5,64,0.028,"Узел depth=4, исходящих=0; конец графа, terminal не подтвержден"
100000005723580100,peripheral,0.5,48,0.031,"Узел depth=4, исходящих=0; конец графа, terminal не подтвержден"
100000000704700100,peripheral,0.5,35,0.041,"Узел depth=4, исходящих=0; конец графа, terminal не подтвержден"
100000005293969100,peripheral,0.5,29,0.041,"Узел depth=4, исходящих=0; конец графа, terminal не подтвержден"
100000002512742100,peripheral,0.5,57,0.027,"Узел depth=4, исходящих=0; конец графа, terminal не подтвержден"
100000001816678100,peripheral,0.5,29,0.029,"Узел depth=4, исходящих=0; конец графа, terminal не подтвержден"
100000004586598100,peripheral,0.5,62,0.048,"Узел depth=4, исходящих=0; конец графа, terminal не подтвержден"
100000005782886100,peripheral,0.5,48,0.032,"Узел depth=4, исходящих=0; конец графа, terminal не подтвержден"
100000002622822100,peripheral,0.5,30,0.069,"Узел depth=4, исходящих=0; конец графа, terminal не подтвержден"
100000003718715100,peripheral,0.5,38,0.051,"Узел depth=4, исходящих=0; конец графа, terminal не подтвержден"
100000006491963100,peripheral,0.5,57,0.028,"Узел depth=4, исходящих=0; конец графа, terminal не подтвержден"
100000004526651100,peripheral,0.5,48,0.027,"Узел depth=4, исходящих=0; конец графа, terminal не подтвержден"
100000008331280100,peripheral,0.5,61,0.029,"Узел depth=4, исходящих=0; конец графа, terminal не подтвержден"
100000004177936100,peripheral,0.5,32,0.03,"Узел depth=4, исходящих=0; конец графа, terminal не подтвержден"
100000002922000100,peripheral,0.5,55,0.041,"Узел depth=4, исходящих=0; конец графа, terminal не подтвержден"
100000002404112100,peripheral,0.5,61,0.03,"Узел depth=4, исходящих=0; конец графа, terminal не подтвержден"
100000000634341100,peripheral,0.5,29,0.043,"Узел depth=4, исходящих=0; конец графа, terminal не подтвержден"
100000001822650100,peripheral,0.5,48,0.029,"Узел depth=4, исходящих=0; конец графа, terminal не подтвержден"
100000004791226100,peripheral,0.5,29,0.042,"Узел depth=4, исходящих=0; конец графа, terminal не подтвержден"
100000007841978100,peripheral,0.5,11,0.043,"Узел depth=4, исходящих=0; конец графа, terminal не подтвержден"
100000006866831100,peripheral,0.5,29,0.032,"Узел depth=4, исходящих=0; конец графа, terminal не подтвержден"
100000002999140100,peripheral,0.5,32,0.027,"Узел depth=4, исходящих=0; конец графа, terminal не подтвержден"
100000002884708100,peripheral,0.5,48,0.053,"Узел depth=4, исходящих=0; конец графа, terminal не подтвержден"
100000001130553100,peripheral,0.5,11,0.042,"Узел depth=4, исходящих=0; конец графа, terminal не подтвержден"
100000006351075100,peripheral,0.5,63,0.028,"Узел depth=4, исходящих=0; конец графа, terminal не подтвержден"
100000005616568100,peripheral,0.5,11,0.04,"Узел depth=4, исходящих=0; конец графа, terminal не подтвержден"
100000006381453100,peripheral,0.5,48,0.044,"Узел depth=4, исходящих=0; конец графа, terminal не подтвержден"
100000004616845100,peripheral,0.5,66,0.027,"Узел depth=4, исходящих=0; конец графа, terminal не подтвержден"
100000004908173100,peripheral,0.5,48,0.029,"Узел depth=4, исходящих=0; конец графа, terminal не подтвержден"
100000004433250100,peripheral,0.5,29,0.028,"Узел depth=4, исходящих=0; конец графа, terminal не подтвержден"
100000003664994100,peripheral,0.5,46,0.036,"Узел depth=4, исходящих=0; конец графа, terminal не подтвержден"
100000004673335100,peripheral,0.5,8,0.04,"Узел depth=4, исходящих=0; конец графа, terminal не подтвержден"
100000002487222100,peripheral,0.5,11,0.029,"Узел depth=4, исходящих=0; конец графа, terminal не подтвержден"
100000000018102100,peripheral,0.5,29,0.029,"Узел depth=4, исходящих=0; конец графа, terminal не подтвержден"
100000008638859100,peripheral,0.5,11,0.042,"Узел depth=4, исходящих=0; конец графа, terminal не подтвержден"
100000001131403100,peripheral,0.5,66,0.055,"Узел depth=4, исходящих=0; конец графа, terminal не подтвержден"
100000001733216100,peripheral,0.5,29,0.034,"Узел depth=4, исходящих=0; конец графа, terminal не подтвержден"
100000004400480100,peripheral,0.5,44,0.039,"Узел depth=4, исходящих=0; конец графа, terminal не подтвержден"
100000007539296100,peripheral,0.5,11,0.043,"Узел depth=4, исходящих=0; конец графа, terminal не подтвержден"
100000008757301100,peripheral,0.5,29,0.042,"Узел depth=4, исходящих=0; конец графа, terminal не подтвержден"
100000002752565100,peripheral,0.5,32,0.03,"Узел depth=4, исходящих=0; конец графа, terminal не подтвержден"
100000002734815100,peripheral,0.5,48,0.029,"Узел depth=4, исходящих=0; конец графа, terminal не подтвержден"
100000008333492100,peripheral,0.5,30,0.038,"Узел depth=4, исходящих=0; конец графа, terminal не подтвержден"
100000006527156100,peripheral,0.5,0,0.028,"Узел depth=4, исходящих=0; конец графа, terminal не подтвержден"
100000003448713100,peripheral,0.5,32,0.03,"Узел depth=4, исходящих=0; конец графа, terminal не подтвержден"
100000004780083100,peripheral,0.5,52,0.027,"Узел depth=4, исходящих=0; конец графа, terminal не подтвержден"
100000004798515100,peripheral,0.5,32,0.033,"Узел depth=4, исходящих=0; конец графа, terminal не подтвержден"
100000004232712100,peripheral,0.5,11,0.041,"Узел depth=4, исходящих=0; конец графа, terminal не подтвержден"
100000005209352100,peripheral,0.5,29,0.035,"Узел depth=4, исходящих=0; конец графа, terminal не подтвержден"
100000000561160100,peripheral,0.5,27,0.038,"Узел depth=4, исходящих=0; конец графа, terminal не подтвержден"
100000003568904100,peripheral,0.5,38,0.042,"Узел depth=4, исходящих=0; конец графа, terminal не подтвержден"
100000000470237100,peripheral,0.5,64,0.044,"Узел depth=4, исходящих=0; конец графа, terminal не подтвержден"
100000008560263100,peripheral,0.5,11,0.029,"Узел depth=4, исходящих=0; конец графа, terminal не подтвержден"
100000000542087100,peripheral,0.5,53,0.027,"Узел depth=4, исходящих=0; конец графа, terminal не подтвержден"
100000004403548100,peripheral,0.5,32,0.032,"Узел depth=4, исходящих=0; конец графа, terminal не подтвержден"
100000003010908100,peripheral,0.5,57,0.034,"Узел depth=4, исходящих=0; конец графа, terminal не подтвержден"
100000006756956100,peripheral,0.5,29,0.029,"Узел depth=4, исходящих=0; конец графа, terminal не подтвержден"
100000007357489100,peripheral,0.5,48,0.04,"Узел depth=4, исходящих=0; конец графа, terminal не подтвержден"
100000002599729100,peripheral,0.5,29,0.039,"Узел depth=4, исходящих=0; конец графа, terminal не подтвержден"
100000005849862100,peripheral,0.5,24,0.042,"Узел depth=4, исходящих=0; конец графа, terminal не подтвержден"
100000008762843100,peripheral,0.5,48,0.027,"Узел depth=4, исходящих=0; конец графа, terminal не подтвержден"
100000002723674100,peripheral,0.5,47,0.03,"Узел depth=4, исходящих=0; конец графа, terminal не подтвержден"
100000008758106100,peripheral,0.5,48,0.027,"Узел depth=4, исходящих=0; конец графа, terminal не подтвержден"
100000001286703100,peripheral,0.5,65,0.027,"Узел depth=4, исходящих=0; конец графа, terminal не подтвержден"
